seq	headword	page	source_file	source_seq
0001	哎哟	1	0001-0250_index.tsv	0001
0002	挨	1	0001-0250_index.tsv	0002
0003	癌症	1	0001-0250_index.tsv	0003
0004	爱不释手	1	0001-0250_index.tsv	0004
0005	爱戴	2	0001-0250_index.tsv	0005
0006	暧昧	2	0001-0250_index.tsv	0006
0007	安居乐业	2	0001-0250_index.tsv	0007
0008	安宁	3	0001-0250_index.tsv	0008
0009	安详	3	0001-0250_index.tsv	0009
0010	安置	3	0001-0250_index.tsv	0010
0011	按摩	3	0001-0250_index.tsv	0011
0012	案件	4	0001-0250_index.tsv	0012
0013	案例	4	0001-0250_index.tsv	0013
0014	暗示	4	0001-0250_index.tsv	0014
0015	昂贵	4	0001-0250_index.tsv	0015
0016	凹凸	5	0001-0250_index.tsv	0016
0017	熬	5	0001-0250_index.tsv	0017
0018	奥秘	5	0001-0250_index.tsv	0018
0019	巴不得	6	0001-0250_index.tsv	0019
0020	巴结	6	0001-0250_index.tsv	0020
0021	扒	6	0001-0250_index.tsv	0021
0022	疤	7	0001-0250_index.tsv	0022
0023	拔苗助长	7	0001-0250_index.tsv	0023
0024	把关	7	0001-0250_index.tsv	0024
0025	把手	8	0001-0250_index.tsv	0025
0026	把戏	8	0001-0250_index.tsv	0026
0027	罢工	8	0001-0250_index.tsv	0027
0028	霸道	8	0001-0250_index.tsv	0028
0029	掰	9	0001-0250_index.tsv	0029
0030	百分点	9	0001-0250_index.tsv	0030
0031	摆脱	9	0001-0250_index.tsv	0031
0032	败坏	10	0001-0250_index.tsv	0032
0033	拜访	10	0001-0250_index.tsv	0033
0034	拜年	10	0001-0250_index.tsv	0034
0035	拜托	10	0001-0250_index.tsv	0035
0036	颁布	11	0001-0250_index.tsv	0036
0037	颁发	11	0001-0250_index.tsv	0037
0038	斑	11	0001-0250_index.tsv	0038
0039	版本	11	0001-0250_index.tsv	0039
0040	半途而废	12	0001-0250_index.tsv	0040
0041	扮演	12	0001-0250_index.tsv	0041
0042	伴侣	12	0001-0250_index.tsv	0042
0043	伴随	12	0001-0250_index.tsv	0043
0044	绑架	13	0001-0250_index.tsv	0044
0045	榜样	13	0001-0250_index.tsv	0045
0046	磅	13	0001-0250_index.tsv	0046
0047	包庇	13	0001-0250_index.tsv	0047
0048	包袱	14	0001-0250_index.tsv	0048
0049	包围	14	0001-0250_index.tsv	0049
0050	包装	14	0001-0250_index.tsv	0050
0051	饱和	15	0001-0250_index.tsv	0051
0052	饱经沧桑	15	0001-0250_index.tsv	0052
0053	保管	15	0001-0250_index.tsv	0053
0054	保密	16	0001-0250_index.tsv	0054
0055	保姆	16	0001-0250_index.tsv	0055
0056	保守	16	0001-0250_index.tsv	0056
0057	保卫	16	0001-0250_index.tsv	0057
0058	保养	17	0001-0250_index.tsv	0058
0059	保障	17	0001-0250_index.tsv	0059
0060	保重	17	0001-0250_index.tsv	0060
0061	报仇	18	0001-0250_index.tsv	0061
0062	报酬	18	0001-0250_index.tsv	0062
0063	报答	18	0001-0250_index.tsv	0063
0064	报到	18	0001-0250_index.tsv	0064
0065	报复	19	0001-0250_index.tsv	0065
0066	报警	19	0001-0250_index.tsv	0066
0067	报社	19	0001-0250_index.tsv	0067
0068	报销	19	0001-0250_index.tsv	0068
0069	抱负	20	0001-0250_index.tsv	0069
0070	抱怨	20	0001-0250_index.tsv	0070
0071	暴力	20	0001-0250_index.tsv	0071
0072	暴露	21	0001-0250_index.tsv	0072
0073	曝光	21	0001-0250_index.tsv	0073
0074	爆发	21	0001-0250_index.tsv	0074
0075	爆炸	22	0001-0250_index.tsv	0075
0076	卑鄙	22	0001-0250_index.tsv	0076
0077	悲哀	22	0001-0250_index.tsv	0077
0078	悲惨	22	0001-0250_index.tsv	0078
0079	北极	23	0001-0250_index.tsv	0079
0080	贝壳	23	0001-0250_index.tsv	0080
0081	备份	23	0001-0250_index.tsv	0081
0082	备忘录	24	0001-0250_index.tsv	0082
0083	背叛	24	0001-0250_index.tsv	0083
0084	背诵	24	0001-0250_index.tsv	0084
0085	被动	24	0001-0250_index.tsv	0085
0086	被告	25	0001-0250_index.tsv	0086
0087	奔波	25	0001-0250_index.tsv	0087
0088	奔驰	25	0001-0250_index.tsv	0088
0089	本能	26	0001-0250_index.tsv	0089
0090	本钱	26	0001-0250_index.tsv	0090
0091	本人	26	0001-0250_index.tsv	0091
0092	本身	27	0001-0250_index.tsv	0092
0093	本事	27	0001-0250_index.tsv	0093
0094	本着	27	0001-0250_index.tsv	0094
0095	笨拙	28	0001-0250_index.tsv	0095
0096	崩溃	28	0001-0250_index.tsv	0096
0097	甭	28	0001-0250_index.tsv	0097
0098	迸发	28	0001-0250_index.tsv	0098
0099	蹦	28	0001-0250_index.tsv	0099
0100	逼迫	29	0001-0250_index.tsv	0100
0101	鼻涕	29	0001-0250_index.tsv	0101
0102	比方	29	0001-0250_index.tsv	0102
0103	比喻	30	0001-0250_index.tsv	0103
0104	比重	30	0001-0250_index.tsv	0104
0105	鄙视	30	0001-0250_index.tsv	0105
0106	必定	31	0001-0250_index.tsv	0106
0107	闭塞	31	0001-0250_index.tsv	0107
0108	弊病	31	0001-0250_index.tsv	0108
0109	弊端	31	0001-0250_index.tsv	0109
0110	臂	32	0001-0250_index.tsv	0110
0111	边疆	32	0001-0250_index.tsv	0111
0112	边界	32	0001-0250_index.tsv	0112
0113	边境	32	0001-0250_index.tsv	0113
0114	边缘	33	0001-0250_index.tsv	0114
0115	编织	33	0001-0250_index.tsv	0115
0116	鞭策	33	0001-0250_index.tsv	0116
0117	贬低	33	0001-0250_index.tsv	0117
0118	贬义	34	0001-0250_index.tsv	0118
0119	扁	34	0001-0250_index.tsv	0119
0120	变故	34	0001-0250_index.tsv	0120
0121	变迁	34	0001-0250_index.tsv	0121
0122	变质	35	0001-0250_index.tsv	0122
0123	便利	35	0001-0250_index.tsv	0123
0124	便条	35	0001-0250_index.tsv	0124
0125	便于	35	0001-0250_index.tsv	0125
0126	遍布	36	0001-0250_index.tsv	0126
0127	辨认	36	0001-0250_index.tsv	0127
0128	辩护	36	0001-0250_index.tsv	0128
0129	辩解	36	0001-0250_index.tsv	0129
0130	辩证	37	0001-0250_index.tsv	0130
0131	辫子	37	0001-0250_index.tsv	0131
0132	标本	37	0001-0250_index.tsv	0132
0133	标记	37	0001-0250_index.tsv	0133
0134	标题	38	0001-0250_index.tsv	0134
0135	飙升	38	0001-0250_index.tsv	0135
0136	表决	38	0001-0250_index.tsv	0136
0137	表态	38	0001-0250_index.tsv	0137
0138	表彰	39	0001-0250_index.tsv	0138
0139	憋	39	0001-0250_index.tsv	0139
0140	别墅	39	0001-0250_index.tsv	0140
0141	别致	39	0001-0250_index.tsv	0141
0142	别扭	40	0001-0250_index.tsv	0142
0143	濒临	40	0001-0250_index.tsv	0143
0144	冰雹	40	0001-0250_index.tsv	0144
0145	丙	40	0001-0250_index.tsv	0145
0146	并存	41	0001-0250_index.tsv	0146
0147	并非	41	0001-0250_index.tsv	0147
0148	并列	41	0001-0250_index.tsv	0148
0149	拨	41	0001-0250_index.tsv	0149
0150	波浪	42	0001-0250_index.tsv	0150
0151	波涛	42	0001-0250_index.tsv	0151
0152	剥削	42	0001-0250_index.tsv	0152
0153	播放	43	0001-0250_index.tsv	0153
0154	播种	43	0001-0250_index.tsv	0154
0155	伯母	43	0001-0250_index.tsv	0155
0156	博大精深	43	0001-0250_index.tsv	0156
0157	博览会	44	0001-0250_index.tsv	0157
0158	搏斗	44	0001-0250_index.tsv	0158
0159	薄弱	44	0001-0250_index.tsv	0159
0160	不顾	44	0001-0250_index.tsv	0160
0161	不愧	45	0001-0250_index.tsv	0161
0162	不料	45	0001-0250_index.tsv	0162
0163	不像话	45	0001-0250_index.tsv	0163
0164	不屑一顾	45	0001-0250_index.tsv	0164
0165	补偿	46	0001-0250_index.tsv	0165
0166	补救	46	0001-0250_index.tsv	0166
0167	补贴	46	0001-0250_index.tsv	0167
0168	捕捉	46	0001-0250_index.tsv	0168
0169	哺乳	47	0001-0250_index.tsv	0169
0170	不得已	47	0001-0250_index.tsv	0170
0171	不妨	47	0001-0250_index.tsv	0171
0172	不敢当	47	0001-0250_index.tsv	0172
0173	不禁	48	0001-0250_index.tsv	0173
0174	不堪	48	0001-0250_index.tsv	0174
0175	不可思议	48	0001-0250_index.tsv	0175
0176	不免	48	0001-0250_index.tsv	0176
0177	不时	49	0001-0250_index.tsv	0177
0178	不惜	49	0001-0250_index.tsv	0178
0179	不相上下	49	0001-0250_index.tsv	0179
0180	不言而喻	49	0001-0250_index.tsv	0180
0181	不由得	50	0001-0250_index.tsv	0181
0182	不择手段	50	0001-0250_index.tsv	0182
0183	不止	50	0001-0250_index.tsv	0183
0184	布告	51	0001-0250_index.tsv	0184
0185	布局	51	0001-0250_index.tsv	0185
0186	布置	51	0001-0250_index.tsv	0186
0187	步伐	51	0001-0250_index.tsv	0187
0188	部署	52	0001-0250_index.tsv	0188
0189	部位	52	0001-0250_index.tsv	0189
0190	才干	53	0001-0250_index.tsv	0190
0191	财富	53	0001-0250_index.tsv	0191
0192	财务	53	0001-0250_index.tsv	0192
0193	财政	53	0001-0250_index.tsv	0193
0194	裁缝	54	0001-0250_index.tsv	0194
0195	裁判	54	0001-0250_index.tsv	0195
0196	裁员	54	0001-0250_index.tsv	0196
0197	采购	54	0001-0250_index.tsv	0197
0198	采集	55	0001-0250_index.tsv	0198
0199	采纳	55	0001-0250_index.tsv	0199
0200	彩票	55	0001-0250_index.tsv	0200
0201	参谋	55	0001-0250_index.tsv	0201
0202	参照	56	0001-0250_index.tsv	0202
0203	残疾	56	0001-0250_index.tsv	0203
0204	残酷	56	0001-0250_index.tsv	0204
0205	残留	56	0001-0250_index.tsv	0205
0206	残忍	57	0001-0250_index.tsv	0206
0207	灿烂	57	0001-0250_index.tsv	0207
0208	仓促	57	0001-0250_index.tsv	0208
0209	仓库	57	0001-0250_index.tsv	0209
0210	苍白	58	0001-0250_index.tsv	0210
0211	舱	58	0001-0250_index.tsv	0211
0212	操劳	58	0001-0250_index.tsv	0212
0213	操练	58	0001-0250_index.tsv	0213
0214	操纵	59	0001-0250_index.tsv	0214
0215	操作	59	0001-0250_index.tsv	0215
0216	嘈杂	59	0001-0250_index.tsv	0216
0217	草案	59	0001-0250_index.tsv	0217
0218	草率	60	0001-0250_index.tsv	0218
0219	侧面	60	0001-0250_index.tsv	0219
0220	测量	60	0001-0250_index.tsv	0220
0221	策划	60	0001-0250_index.tsv	0221
0222	策略	61	0001-0250_index.tsv	0222
0223	层出不穷	61	0001-0250_index.tsv	0223
0224	层次	61	0001-0250_index.tsv	0224
0225	差别	61	0001-0250_index.tsv	0225
0226	差距	62	0001-0250_index.tsv	0226
0227	插座	62	0001-0250_index.tsv	0227
0228	查获	62	0001-0250_index.tsv	0228
0229	岔	62	0001-0250_index.tsv	0229
0230	刹那	63	0001-0250_index.tsv	0230
0231	诧异	63	0001-0250_index.tsv	0231
0232	柴油	63	0001-0250_index.tsv	0232
0233	搀	64	0001-0250_index.tsv	0233
0234	馋	64	0001-0250_index.tsv	0234
0235	缠绕	64	0001-0250_index.tsv	0235
0236	产业	64	0001-0250_index.tsv	0236
0237	阐述	65	0001-0250_index.tsv	0237
0238	颤抖	65	0001-0250_index.tsv	0238
0239	昌盛	65	0001-0250_index.tsv	0239
0240	猖狂	66	0001-0250_index.tsv	0240
0241	尝试	66	0001-0250_index.tsv	0241
0242	常年	66	0001-0250_index.tsv	0242
0243	常务	66	0001-0250_index.tsv	0243
0244	偿还	67	0001-0250_index.tsv	0244
0245	场合	67	0001-0250_index.tsv	0245
0246	场面	67	0001-0250_index.tsv	0246
0247	场所	67	0001-0250_index.tsv	0247
0248	敞开	68	0001-0250_index.tsv	0248
0249	畅通	68	0001-0250_index.tsv	0249
0250	畅销	68	0001-0250_index.tsv	0250
0251	沉重	73	0251-0500_index.tsv	0251
0252	沉着	73	0251-0500_index.tsv	0252
0253	陈旧	73	0251-0500_index.tsv	0253
0254	陈列	73	0251-0500_index.tsv	0254
0255	陈述	74	0251-0500_index.tsv	0255
0256	衬托	74	0251-0500_index.tsv	0256
0257	称心如意	74	0251-0500_index.tsv	0257
0258	称号	74	0251-0500_index.tsv	0258
0259	成本	75	0251-0500_index.tsv	0259
0260	成交	75	0251-0500_index.tsv	0260
0261	成天	75	0251-0500_index.tsv	0261
0262	成效	75	0251-0500_index.tsv	0262
0263	成心	76	0251-0500_index.tsv	0263
0264	成员	76	0251-0500_index.tsv	0264
0265	呈现	76	0251-0500_index.tsv	0265
0266	诚挚	76	0251-0500_index.tsv	0266
0267	承办	77	0251-0500_index.tsv	0267
0268	承包	77	0251-0500_index.tsv	0268
0269	承诺	77	0251-0500_index.tsv	0269
0270	城堡	77	0251-0500_index.tsv	0270
0271	乘	78	0251-0500_index.tsv	0271
0272	乘务员	78	0251-0500_index.tsv	0272
0273	盛	78	0251-0500_index.tsv	0273
0274	惩罚	78	0251-0500_index.tsv	0274
0275	澄清	79	0251-0500_index.tsv	0275
0276	橙	79	0251-0500_index.tsv	0276
0277	秤	79	0251-0500_index.tsv	0277
0278	吃苦	80	0251-0500_index.tsv	0278
0279	垂直	95	0251-0500_index.tsv	0279
0280	锤	95	0251-0500_index.tsv	0280
0281	纯粹	96	0251-0500_index.tsv	0281
0282	纯洁	96	0251-0500_index.tsv	0282
0283	词汇	96	0251-0500_index.tsv	0283
0284	慈善	97	0251-0500_index.tsv	0284
0285	慈祥	97	0251-0500_index.tsv	0285
0286	磁带	97	0251-0500_index.tsv	0286
0287	雌雄	97	0251-0500_index.tsv	0287
0288	次品	98	0251-0500_index.tsv	0288
0289	次序	98	0251-0500_index.tsv	0289
0290	伺候	98	0251-0500_index.tsv	0290
0291	刺	98	0251-0500_index.tsv	0291
0292	从容	99	0251-0500_index.tsv	0292
0293	丛	99	0251-0500_index.tsv	0293
0294	凑合	99	0251-0500_index.tsv	0294
0295	粗鲁	100	0251-0500_index.tsv	0295
0296	窜	100	0251-0500_index.tsv	0296
0297	摧残	100	0251-0500_index.tsv	0297
0298	脆弱	101	0251-0500_index.tsv	0298
0299	搓	101	0251-0500_index.tsv	0299
0300	磋商	101	0251-0500_index.tsv	0300
0301	挫折	101	0251-0500_index.tsv	0301
0302	搭	102	0251-0500_index.tsv	0302
0303	搭档	102	0251-0500_index.tsv	0303
0304	搭配	103	0251-0500_index.tsv	0304
0305	达成	103	0251-0500_index.tsv	0305
0306	答辩	103	0251-0500_index.tsv	0306
0307	答复	104	0251-0500_index.tsv	0307
0308	打包	104	0251-0500_index.tsv	0308
0309	打官司	104	0251-0500_index.tsv	0309
0310	打击	104	0251-0500_index.tsv	0310
0311	打架	105	0251-0500_index.tsv	0311
0312	打量	105	0251-0500_index.tsv	0312
0313	打猎	105	0251-0500_index.tsv	0313
0314	打仗	105	0251-0500_index.tsv	0314
0315	大不了	106	0251-0500_index.tsv	0315
0316	大臣	106	0251-0500_index.tsv	0316
0317	大伙儿	106	0251-0500_index.tsv	0317
0318	大厦	106	0251-0500_index.tsv	0318
0319	大肆	107	0251-0500_index.tsv	0319
0320	大体	107	0251-0500_index.tsv	0320
0321	大意	107	0251-0500_index.tsv	0321
0322	大致	107	0251-0500_index.tsv	0322
0323	歹徒	108	0251-0500_index.tsv	0323
0324	代价	108	0251-0500_index.tsv	0324
0325	代理	108	0251-0500_index.tsv	0325
0326	带领	109	0251-0500_index.tsv	0326
0327	怠慢	109	0251-0500_index.tsv	0327
0328	逮捕	109	0251-0500_index.tsv	0328
0329	担保	109	0251-0500_index.tsv	0329
0330	胆怯	110	0251-0500_index.tsv	0330
0331	诞辰	110	0251-0500_index.tsv	0331
0332	诞生	110	0251-0500_index.tsv	0332
0333	淡季	110	0251-0500_index.tsv	0333
0334	淡水	111	0251-0500_index.tsv	0334
0335	蛋白质	111	0251-0500_index.tsv	0335
0336	当场	111	0251-0500_index.tsv	0336
0337	当初	111	0251-0500_index.tsv	0337
0338	当代	112	0251-0500_index.tsv	0338
0339	当面	112	0251-0500_index.tsv	0339
0340	当前	112	0251-0500_index.tsv	0340
0341	当事人	112	0251-0500_index.tsv	0341
0342	当务之急	113	0251-0500_index.tsv	0342
0343	当心	113	0251-0500_index.tsv	0343
0344	当选	113	0251-0500_index.tsv	0344
0345	党	113	0251-0500_index.tsv	0345
0346	档案	114	0251-0500_index.tsv	0346
0347	档次	114	0251-0500_index.tsv	0347
0348	导弹	114	0251-0500_index.tsv	0348
0349	导航	114	0251-0500_index.tsv	0349
0350	导向	115	0251-0500_index.tsv	0350
0351	岛屿	115	0251-0500_index.tsv	0351
0352	捣乱	115	0251-0500_index.tsv	0352
0353	倒闭	115	0251-0500_index.tsv	0353
0354	盗窃	116	0251-0500_index.tsv	0354
0355	稻谷	116	0251-0500_index.tsv	0355
0356	得不偿失	116	0251-0500_index.tsv	0356
0357	得力	116	0251-0500_index.tsv	0357
0358	得天独厚	117	0251-0500_index.tsv	0358
0359	得罪	117	0251-0500_index.tsv	0359
0360	灯笼	117	0251-0500_index.tsv	0360
0361	登陆	117	0251-0500_index.tsv	0361
0362	登录	118	0251-0500_index.tsv	0362
0363	蹬	118	0251-0500_index.tsv	0363
0364	等候	118	0251-0500_index.tsv	0364
0365	等级	119	0251-0500_index.tsv	0365
0366	瞪	119	0251-0500_index.tsv	0366
0367	堤坝	119	0251-0500_index.tsv	0367
0368	敌视	119	0251-0500_index.tsv	0368
0369	抵达	120	0251-0500_index.tsv	0369
0370	抵抗	120	0251-0500_index.tsv	0370
0371	抵制	120	0251-0500_index.tsv	0371
0372	地步	120	0251-0500_index.tsv	0372
0373	地势	121	0251-0500_index.tsv	0373
0374	地质	121	0251-0500_index.tsv	0374
0375	递增	121	0251-0500_index.tsv	0375
0376	颠簸	121	0251-0500_index.tsv	0376
0377	颠倒	122	0251-0500_index.tsv	0377
0378	典礼	122	0251-0500_index.tsv	0378
0379	典型	122	0251-0500_index.tsv	0379
0380	点缀	122	0251-0500_index.tsv	0380
0381	电源	123	0251-0500_index.tsv	0381
0382	垫	123	0251-0500_index.tsv	0382
0383	惦记	123	0251-0500_index.tsv	0383
0384	奠定	124	0251-0500_index.tsv	0384
0385	叼	124	0251-0500_index.tsv	0385
0386	雕刻	124	0251-0500_index.tsv	0386
0387	雕塑	124	0251-0500_index.tsv	0387
0388	吊	125	0251-0500_index.tsv	0388
0389	调动	125	0251-0500_index.tsv	0389
0390	跌	125	0251-0500_index.tsv	0390
0391	丁	126	0251-0500_index.tsv	0391
0392	叮嘱	126	0251-0500_index.tsv	0392
0393	盯	126	0251-0500_index.tsv	0393
0394	定期	126	0251-0500_index.tsv	0394
0395	定义	127	0251-0500_index.tsv	0395
0396	丢人	127	0251-0500_index.tsv	0396
0397	丢三落四	127	0251-0500_index.tsv	0397
0398	东道主	127	0251-0500_index.tsv	0398
0399	东张西望	128	0251-0500_index.tsv	0399
0400	董事长	128	0251-0500_index.tsv	0400
0401	动荡	128	0251-0500_index.tsv	0401
0402	动机	128	0251-0500_index.tsv	0402
0403	动静	129	0251-0500_index.tsv	0403
0404	动力	129	0251-0500_index.tsv	0404
0405	动脉	129	0251-0500_index.tsv	0405
0406	动身	130	0251-0500_index.tsv	0406
0407	动手	130	0251-0500_index.tsv	0407
0408	动态	130	0251-0500_index.tsv	0408
0409	动员	131	0251-0500_index.tsv	0409
0410	冻结	131	0251-0500_index.tsv	0410
0411	栋	131	0251-0500_index.tsv	0411
0412	兜	131	0251-0500_index.tsv	0412
0413	陡峭	132	0251-0500_index.tsv	0413
0414	斗争	132	0251-0500_index.tsv	0414
0415	都市	133	0251-0500_index.tsv	0415
0416	督促	133	0251-0500_index.tsv	0416
0417	毒品	133	0251-0500_index.tsv	0417
0418	独裁	133	0251-0500_index.tsv	0418
0419	堵塞	134	0251-0500_index.tsv	0419
0420	赌博	134	0251-0500_index.tsv	0420
0421	杜绝	134	0251-0500_index.tsv	0421
0422	端	134	0251-0500_index.tsv	0422
0423	端午节	135	0251-0500_index.tsv	0423
0424	端正	135	0251-0500_index.tsv	0424
0425	短促	135	0251-0500_index.tsv	0425
0426	断定	136	0251-0500_index.tsv	0426
0427	断断续续	136	0251-0500_index.tsv	0427
0428	断绝	136	0251-0500_index.tsv	0428
0429	堆积	136	0251-0500_index.tsv	0429
0430	队伍	137	0251-0500_index.tsv	0430
0431	对策	137	0251-0500_index.tsv	0431
0432	对称	137	0251-0500_index.tsv	0432
0433	对付	138	0251-0500_index.tsv	0433
0434	对抗	138	0251-0500_index.tsv	0434
0435	对立	138	0251-0500_index.tsv	0435
0436	对联	138	0251-0500_index.tsv	0436
0437	对应	139	0251-0500_index.tsv	0437
0438	对照	139	0251-0500_index.tsv	0438
0439	兑换	139	0251-0500_index.tsv	0439
0440	兑现	140	0251-0500_index.tsv	0440
0441	顿时	140	0251-0500_index.tsv	0441
0442	多元化	140	0251-0500_index.tsv	0442
0443	哆嗦	140	0251-0500_index.tsv	0443
0444	堕落	141	0251-0500_index.tsv	0444
0445	额外	142	0251-0500_index.tsv	0445
0446	恶心	142	0251-0500_index.tsv	0446
0447	恶化	142	0251-0500_index.tsv	0447
0448	遏制	142	0251-0500_index.tsv	0448
0449	恩怨	143	0251-0500_index.tsv	0449
0450	而已	143	0251-0500_index.tsv	0450
0451	耳环	143	0251-0500_index.tsv	0451
0452	二氧化碳	143	0251-0500_index.tsv	0452
0453	发布	144	0251-0500_index.tsv	0453
0454	发财	144	0251-0500_index.tsv	0454
0455	发呆	144	0251-0500_index.tsv	0455
0456	发动	144	0251-0500_index.tsv	0456
0457	发火	145	0251-0500_index.tsv	0457
0458	发觉	145	0251-0500_index.tsv	0458
0459	发射	145	0251-0500_index.tsv	0459
0460	发誓	146	0251-0500_index.tsv	0460
0461	发行	146	0251-0500_index.tsv	0461
0462	发炎	146	0251-0500_index.tsv	0462
0463	发扬	146	0251-0500_index.tsv	0463
0464	发音	147	0251-0500_index.tsv	0464
0465	法人	147	0251-0500_index.tsv	0465
0466	番	147	0251-0500_index.tsv	0466
0467	凡是	148	0251-0500_index.tsv	0467
0468	繁华	148	0251-0500_index.tsv	0468
0469	繁忙	148	0251-0500_index.tsv	0469
0470	繁体字	148	0251-0500_index.tsv	0470
0471	繁殖	149	0251-0500_index.tsv	0471
0472	反驳	149	0251-0500_index.tsv	0472
0473	反常	149	0251-0500_index.tsv	0473
0474	反倒	149	0251-0500_index.tsv	0474
0475	反动	150	0251-0500_index.tsv	0475
0476	反感	150	0251-0500_index.tsv	0476
0477	反抗	150	0251-0500_index.tsv	0477
0478	反馈	151	0251-0500_index.tsv	0478
0479	反面	151	0251-0500_index.tsv	0479
0480	反射	151	0251-0500_index.tsv	0480
0481	反思	151	0251-0500_index.tsv	0481
0482	反问	152	0251-0500_index.tsv	0482
0483	反之	152	0251-0500_index.tsv	0483
0484	泛滥	152	0251-0500_index.tsv	0484
0485	范畴	153	0251-0500_index.tsv	0485
0486	贩卖	153	0251-0500_index.tsv	0486
0487	方位	153	0251-0500_index.tsv	0487
0488	方言	153	0251-0500_index.tsv	0488
0489	方圆	154	0251-0500_index.tsv	0489
0490	方针	154	0251-0500_index.tsv	0490
0491	防守	154	0251-0500_index.tsv	0491
0492	防疫	154	0251-0500_index.tsv	0492
0493	防御	155	0251-0500_index.tsv	0493
0494	防止	155	0251-0500_index.tsv	0494
0495	防治	155	0251-0500_index.tsv	0495
0496	访问	155	0251-0500_index.tsv	0496
0497	纺织	156	0251-0500_index.tsv	0497
0498	放大	156	0251-0500_index.tsv	0498
0499	放射	156	0251-0500_index.tsv	0499
0500	放手	156	0251-0500_index.tsv	0500
0501	飞禽走兽	157	019-028.tsv	19:飞禽走兽
0502	飞行	157	019-028.tsv	19:飞行
0503	飞跃	157	019-028.tsv	19:飞跃
0504	非法	158	019-028.tsv	19:非法
0505	肥沃	158	019-028.tsv	19:肥沃
0506	匪徒	158	019-028.tsv	19:匪徒
0507	诽谤	158	019-028.tsv	19:诽谤
0508	废除	159	019-028.tsv	19:废除
0509	废寝忘食	159	019-028.tsv	19:废寝忘食
0510	废墟	159	019-028.tsv	19:废墟
0511	沸腾	160	019-028.tsv	19:沸腾
0512	分辨	160	019-028.tsv	19:分辨
0513	分寸	160	019-028.tsv	19:分寸
0514	分红	160	019-028.tsv	19:分红
0515	分解	161	019-028.tsv	19:分解
0516	分裂	161	019-028.tsv	19:分裂
0517	分泌	161	019-028.tsv	19:分泌
0518	分明	162	019-028.tsv	19:分明
0519	分歧	162	019-028.tsv	19:分歧
0520	分散	162	019-028.tsv	19:分散
0521	分手	163	019-028.tsv	19:分手
0522	吩咐	163	019-028.tsv	19:吩咐
0523	坟墓	163	019-028.tsv	19:坟墓
0524	粉末	163	019-028.tsv	19:粉末
0525	粉色	164	019-028.tsv	19:粉色
0526	粉碎	164	019-028.tsv	20:粉碎
0527	分量	164	019-028.tsv	20:分量
0528	愤怒	165	019-028.tsv	20:愤怒
0529	丰满	165	019-028.tsv	20:丰满
0530	丰盛	165	019-028.tsv	20:丰盛
0531	丰收	165	019-028.tsv	20:丰收
0532	风暴	166	019-028.tsv	20:风暴
0533	风度	166	019-028.tsv	20:风度
0534	风光	166	019-028.tsv	20:风光
0535	风气	167	019-028.tsv	20:风气
0536	风趣	167	019-028.tsv	20:风趣
0537	风土人情	167	019-028.tsv	20:风土人情
0538	风味	167	019-028.tsv	20:风味
0539	封闭	168	019-028.tsv	20:封闭
0540	封建	168	019-028.tsv	20:封建
0541	封锁	168	019-028.tsv	20:封锁
0542	锋利	169	019-028.tsv	20:锋利
0543	峰	169	019-028.tsv	20:峰
0544	奉献	169	019-028.tsv	20:奉献
0545	夫妇	170	019-028.tsv	20:夫妇
0546	夫人	170	019-028.tsv	20:夫人
0547	敷衍	170	019-028.tsv	20:敷衍
0548	服从	170	019-028.tsv	20:服从
0549	服气	171	019-028.tsv	20:服气
0550	俘虏	171	019-028.tsv	20:俘虏
0551	符号	171	019-028.tsv	20:符号
0552	幅度	171	019-028.tsv	20:幅度
0553	辐射	172	019-028.tsv	20:辐射
0554	福利	172	019-028.tsv	20:福利
0555	福气	172	019-028.tsv	20:福气
0556	抚摸	173	019-028.tsv	20:抚摸
0557	抚养	173	019-028.tsv	20:抚养
0558	俯视	173	019-028.tsv	20:俯视
0559	辅助	173	019-028.tsv	20:辅助
0560	腐败	174	019-028.tsv	20:腐败
0561	腐烂	174	019-028.tsv	20:腐烂
0562	腐蚀	174	019-028.tsv	20:腐蚀
0563	腐朽	175	019-028.tsv	20:腐朽
0564	负担	175	019-028.tsv	20:负担
0565	附和	175	019-028.tsv	20:附和
0566	附件	176	019-028.tsv	20:附件
0567	附属	176	019-028.tsv	20:附属
0568	复活	176	019-028.tsv	20:复活
0569	复兴	177	019-028.tsv	20:复兴
0570	副	177	019-028.tsv	20:副
0571	副作用	177	019-028.tsv	20:副作用
0572	赋予	178	019-028.tsv	20:赋予
0573	富裕	178	019-028.tsv	20:富裕
0574	腹泻	178	019-028.tsv	20:腹泻
0575	覆盖	178	019-028.tsv	20:覆盖
0576	改良	179	019-028.tsv	20:改良
0577	钙	179	019-028.tsv	20:钙
0578	盖章	179	019-028.tsv	20:盖章
0579	干旱	179	019-028.tsv	20:干旱
0580	干扰	180	019-028.tsv	21:干扰
0581	干涉	180	019-028.tsv	21:干涉
0582	干预	180	019-028.tsv	21:干预
0583	尴尬	180	019-028.tsv	21:尴尬
0584	感慨	181	019-028.tsv	21:感慨
0585	感染	181	019-028.tsv	21:感染
0586	干劲	181	019-028.tsv	21:干劲
0587	纲领	181	019-028.tsv	21:纲领
0588	岗位	182	019-028.tsv	21:岗位
0589	港口	182	019-028.tsv	21:港口
0590	港湾	182	019-028.tsv	21:港湾
0591	杠杆	182	019-028.tsv	21:杠杆
0592	高超	183	019-028.tsv	21:高超
0593	高潮	183	019-028.tsv	21:高潮
0594	高峰	183	019-028.tsv	21:高峰
0595	高考	184	019-028.tsv	21:高考
0596	高明	184	019-028.tsv	21:高明
0597	高尚	184	019-028.tsv	21:高尚
0598	高涨	184	019-028.tsv	21:高涨
0599	稿件	185	019-028.tsv	21:稿件
0600	告辞	185	019-028.tsv	21:告辞
0601	告诫	185	019-028.tsv	21:告诫
0602	疙瘩	185	019-028.tsv	21:疙瘩
0603	鸽子	186	019-028.tsv	21:鸽子
0604	搁	186	019-028.tsv	21:搁
0605	割	186	019-028.tsv	21:割
0606	歌颂	187	019-028.tsv	21:歌颂
0607	革命	187	019-028.tsv	21:革命
0608	格局	187	019-028.tsv	21:格局
0609	格式	187	019-028.tsv	21:格式
0610	隔阂	188	019-028.tsv	21:隔阂
0611	隔离	188	019-028.tsv	21:隔离
0612	个体	188	019-028.tsv	21:个体
0613	各抒己见	188	019-028.tsv	21:各抒己见
0614	根深蒂固	189	019-028.tsv	21:根深蒂固
0615	根源	189	019-028.tsv	21:根源
0616	跟前	189	019-028.tsv	21:跟前
0617	跟随	189	019-028.tsv	21:跟随
0618	跟踪	190	019-028.tsv	21:跟踪
0619	更新	190	019-028.tsv	21:更新
0620	更正	190	019-028.tsv	21:更正
0621	耕地	190	019-028.tsv	21:耕地
0622	工夫	191	019-028.tsv	21:工夫
0623	工艺品	191	019-028.tsv	21:工艺品
0624	公安局	191	019-028.tsv	21:公安局
0625	公道	191	019-028.tsv	21:公道
0626	公告	192	019-028.tsv	21:公告
0627	公关	192	019-028.tsv	21:公关
0628	公民	192	019-028.tsv	21:公民
0629	公婆	192	019-028.tsv	21:公婆
0630	公然	193	019-028.tsv	21:公然
0631	公认	193	019-028.tsv	21:公认
0632	公司	193	019-028.tsv	21:公司
0633	公务	193	019-028.tsv	21:公务
0634	公正	194	019-028.tsv	21:公正
0635	公证	194	019-028.tsv	21:公证
0636	功课	194	019-028.tsv	22:功课
0637	功劳	194	019-028.tsv	22:功劳
0638	功效	195	019-028.tsv	22:功效
0639	攻击	195	019-028.tsv	22:攻击
0640	攻克	195	019-028.tsv	22:攻克
0641	供不应求	195	019-028.tsv	22:供不应求
0642	供给	196	019-028.tsv	22:供给
0643	宫殿	196	019-028.tsv	22:宫殿
0644	恭敬	196	019-028.tsv	22:恭敬
0645	巩固	196	019-028.tsv	22:巩固
0646	共和国	197	019-028.tsv	22:共和国
0647	共计	197	019-028.tsv	22:共计
0648	共鸣	197	019-028.tsv	22:共鸣
0649	勾结	197	019-028.tsv	22:勾结
0650	钩子	198	019-028.tsv	22:钩子
0651	构思	198	019-028.tsv	22:构思
0652	孤独	198	019-028.tsv	22:孤独
0653	孤立	198	019-028.tsv	22:孤立
0654	姑且	199	019-028.tsv	22:姑且
0655	辜负	199	019-028.tsv	22:辜负
0656	古董	199	019-028.tsv	22:古董
0657	古怪	200	019-028.tsv	22:古怪
0658	股东	200	019-028.tsv	22:股东
0659	股份	200	019-028.tsv	22:股份
0660	骨干	200	019-028.tsv	22:骨干
0661	鼓动	201	019-028.tsv	22:鼓动
0662	固然	201	019-028.tsv	22:固然
0663	固体	201	019-028.tsv	22:固体
0664	固有	201	019-028.tsv	22:固有
0665	固执	202	019-028.tsv	22:固执
0666	故乡	202	019-028.tsv	22:故乡
0667	故障	202	019-028.tsv	22:故障
0668	顾虑	202	019-028.tsv	22:顾虑
0669	顾问	203	019-028.tsv	22:顾问
0670	雇佣	203	019-028.tsv	22:雇佣
0671	拐杖	203	019-028.tsv	22:拐杖
0672	关照	203	019-028.tsv	22:关照
0673	关怀	204	019-028.tsv	22:关怀
0674	观光	204	019-028.tsv	22:观光
0675	官方	204	019-028.tsv	22:官方
0676	管辖	204	019-028.tsv	22:管辖
0677	贯彻	205	019-028.tsv	22:贯彻
0678	惯例	205	019-028.tsv	22:惯例
0679	灌溉	205	019-028.tsv	22:灌溉
0680	罐	205	019-028.tsv	22:罐
0681	光彩	206	019-028.tsv	22:光彩
0682	光辉	206	019-028.tsv	22:光辉
0683	光芒	206	019-028.tsv	22:光芒
0684	光荣	207	019-028.tsv	22:光荣
0685	广阔	207	019-028.tsv	22:广阔
0686	归根到底	207	019-028.tsv	22:归根到底
0687	归还	207	019-028.tsv	22:归还
0688	归纳	208	019-028.tsv	22:归纳
0689	规范	208	019-028.tsv	22:规范
0690	规格	208	019-028.tsv	22:规格
0691	规划	209	019-028.tsv	22:规划
0692	规章	209	019-028.tsv	23:规章
0693	轨道	209	019-028.tsv	23:轨道
0694	贵族	210	019-028.tsv	23:贵族
0695	跪	210	019-028.tsv	23:跪
0696	棍棒	210	019-028.tsv	23:棍棒
0697	国防	210	019-028.tsv	23:国防
0698	国务院	211	019-028.tsv	23:国务院
0699	果断	211	019-028.tsv	23:果断
0700	过渡	211	019-028.tsv	23:过渡
0701	过度	211	019-028.tsv	23:过度
0702	过奖	212	019-028.tsv	23:过奖
0703	过滤	212	019-028.tsv	23:过滤
0704	过失	212	019-028.tsv	23:过失
0705	过问	212	019-028.tsv	23:过问
0706	过瘾	213	019-028.tsv	23:过瘾
0707	过于	213	019-028.tsv	23:过于
0708	嗨	214	019-028.tsv	23:嗨
0709	海拔	214	019-028.tsv	23:海拔
0710	海滨	214	019-028.tsv	23:海滨
0711	含糊	214	019-028.tsv	23:含糊
0712	含义	215	019-028.tsv	23:含义
0713	寒暄	215	019-028.tsv	23:寒暄
0714	罕见	215	019-028.tsv	23:罕见
0715	捍卫	215	019-028.tsv	23:捍卫
0716	行列	216	019-028.tsv	23:行列
0717	航空	216	019-028.tsv	23:航空
0718	航天	216	019-028.tsv	23:航天
0719	航行	216	019-028.tsv	23:航行
0720	毫米	217	019-028.tsv	23:毫米
0721	毫无	217	019-028.tsv	23:毫无
0722	豪迈	217	019-028.tsv	23:豪迈
0723	号召	217	019-028.tsv	23:号召
0724	好客	218	019-028.tsv	23:好客
0725	耗费	218	019-028.tsv	23:耗费
0726	呵	218	019-028.tsv	23:呵
0727	合并	218	019-028.tsv	23:合并
0728	合成	219	019-028.tsv	23:合成
0729	合乎	219	019-028.tsv	23:合乎
0730	合伙	219	019-028.tsv	23:合伙
0731	合身	219	019-028.tsv	23:合身
0732	合算	220	019-028.tsv	23:合算
0733	和蔼	220	019-028.tsv	23:和蔼
0734	和解	220	019-028.tsv	23:和解
0735	和睦	220	019-028.tsv	23:和睦
0736	和气	221	019-028.tsv	23:和气
0737	和谐	221	019-028.tsv	23:和谐
0738	嘿	221	019-028.tsv	23:嘿
0739	痕迹	222	019-028.tsv	23:痕迹
0740	狠心	222	019-028.tsv	23:狠心
0741	恨不得	222	019-028.tsv	23:恨不得
0742	哼	223	019-028.tsv	23:哼
0743	横	223	019-028.tsv	23:横
0744	轰动	223	019-028.tsv	23:轰动
0745	哄	224	019-028.tsv	23:哄
0746	哄	224	019-028.tsv	24:哄
0747	红包	224	019-028.tsv	24:红包
0748	宏观	224	019-028.tsv	24:宏观
0749	宏伟	224	019-028.tsv	24:宏伟
0750	洪水	225	019-028.tsv	24:洪水
0751	哄	225	019-028.tsv	24:哄
0752	喉咙	225	019-028.tsv	24:喉咙
0753	吼	225	019-028.tsv	24:吼
0754	后代	226	019-028.tsv	24:后代
0755	后顾之忧	226	019-028.tsv	24:后顾之忧
0756	后勤	226	019-028.tsv	24:后勤
0757	候选	226	019-028.tsv	24:候选
0758	呼唤	227	019-028.tsv	24:呼唤
0759	呼啸	227	019-028.tsv	24:呼啸
0760	呼吁	227	019-028.tsv	24:呼吁
0761	忽略	228	019-028.tsv	24:忽略
0762	胡乱	228	019-028.tsv	24:胡乱
0763	胡须	228	019-028.tsv	24:胡须
0764	湖泊	228	019-028.tsv	24:湖泊
0765	互联网	229	019-028.tsv	24:互联网
0766	花瓣	229	019-028.tsv	24:花瓣
0767	花蕾	229	019-028.tsv	24:花蕾
0768	华丽	230	019-028.tsv	24:华丽
0769	华侨	230	019-028.tsv	24:华侨
0770	化肥	230	019-028.tsv	24:化肥
0771	化石	230	019-028.tsv	24:化石
0772	化验	230	019-028.tsv	24:化验
0773	化妆	231	019-028.tsv	24:化妆
0774	划分	231	019-028.tsv	24:划分
0775	画蛇添足	231	019-028.tsv	24:画蛇添足
0776	话筒	231	019-028.tsv	24:话筒
0777	怀孕	232	019-028.tsv	24:怀孕
0778	欢乐	232	019-028.tsv	24:欢乐
0779	还原	232	019-028.tsv	24:还原
0780	环节	232	019-028.tsv	24:环节
0781	缓和	233	019-028.tsv	24:缓和
0782	患者	233	019-028.tsv	24:患者
0783	荒凉	233	019-028.tsv	24:荒凉
0784	荒谬	233	019-028.tsv	24:荒谬
0785	荒唐	234	019-028.tsv	24:荒唐
0786	慌忙	234	019-028.tsv	24:慌忙
0787	皇帝	234	019-028.tsv	24:皇帝
0788	皇后	234	019-028.tsv	24:皇后
0789	黄昏	235	019-028.tsv	24:黄昏
0790	恍然大悟	235	019-028.tsv	24:恍然大悟
0791	晃	235	019-028.tsv	24:晃
0792	挥霍	235	019-028.tsv	24:挥霍
0793	辉煌	236	019-028.tsv	24:辉煌
0794	回报	236	019-028.tsv	24:回报
0795	回避	236	019-028.tsv	24:回避
0796	回顾	236	019-028.tsv	24:回顾
0797	回收	237	019-028.tsv	24:回收
0798	悔恨	237	019-028.tsv	24:悔恨
0799	毁灭	237	019-028.tsv	24:毁灭
0800	汇报	237	019-028.tsv	24:汇报
0801	会晤	238	019-028.tsv	24:会晤
0802	贿赂	238	019-028.tsv	25:贿赂
0803	昏迷	238	019-028.tsv	25:昏迷
0804	荤	238	019-028.tsv	25:荤
0805	浑身	239	019-028.tsv	25:浑身
0806	混合	239	019-028.tsv	25:混合
0807	混乱	239	019-028.tsv	25:混乱
0808	混淆	239	019-028.tsv	25:混淆
0809	混浊	240	019-028.tsv	25:混浊
0810	活该	240	019-028.tsv	25:活该
0811	活力	240	019-028.tsv	25:活力
0812	火箭	240	019-028.tsv	25:火箭
0813	火焰	241	019-028.tsv	25:火焰
0814	火药	241	019-028.tsv	25:火药
0815	或许	241	019-028.tsv	25:或许
0816	货币	241	019-028.tsv	25:货币
0817	讥笑	242	019-028.tsv	25:讥笑
0818	饥饿	242	019-028.tsv	25:饥饿
0819	机动	242	019-028.tsv	25:机动
0820	机构	242	019-028.tsv	25:机构
0821	机关	243	019-028.tsv	25:机关
0822	机灵	243	019-028.tsv	25:机灵
0823	机密	243	019-028.tsv	25:机密
0824	机械	244	019-028.tsv	25:机械
0825	机遇	244	019-028.tsv	25:机遇
0826	机智	244	019-028.tsv	25:机智
0827	基地	245	019-028.tsv	25:基地
0828	基金	245	019-028.tsv	25:基金
0829	基因	245	019-028.tsv	25:基因
0830	激发	245	019-028.tsv	25:激发
0831	激励	246	019-028.tsv	25:激励
0832	激情	246	019-028.tsv	25:激情
0833	及早	246	019-028.tsv	25:及早
0834	吉祥	246	019-028.tsv	25:吉祥
0835	级别	247	019-028.tsv	25:级别
0836	极端	247	019-028.tsv	25:极端
0837	极限	247	019-028.tsv	25:极限
0838	即便	247	019-028.tsv	25:即便
0839	即将	248	019-028.tsv	25:即将
0840	急功近利	248	019-028.tsv	25:急功近利
0841	急剧	248	019-028.tsv	25:急剧
0842	急切	249	019-028.tsv	25:急切
0843	急于求成	249	019-028.tsv	25:急于求成
0844	急躁	249	019-028.tsv	25:急躁
0845	疾病	249	019-028.tsv	25:疾病
0846	集团	250	019-028.tsv	25:集团
0847	嫉妒	250	019-028.tsv	25:嫉妒
0848	籍贯	250	019-028.tsv	25:籍贯
0849	给予	251	019-028.tsv	25:给予
0850	计较	251	019-028.tsv	25:计较
0851	记性	251	019-028.tsv	25:记性
0852	记载	251	019-028.tsv	25:记载
0853	纪要	252	019-028.tsv	25:纪要
0854	技能	252	019-028.tsv	25:技能
0855	技巧	252	019-028.tsv	25:技巧
0856	忌讳	253	019-028.tsv	25:忌讳
0857	季度	253	019-028.tsv	26:季度
0858	季军	253	019-028.tsv	26:季军
0859	迹象	253	019-028.tsv	26:迹象
0860	继承	254	019-028.tsv	26:继承
0861	继往开来	254	019-028.tsv	26:继往开来
0862	寄托	254	019-028.tsv	26:寄托
0863	寂静	255	019-028.tsv	26:寂静
0864	加工	255	019-028.tsv	26:加工
0865	加剧	255	019-028.tsv	26:加剧
0866	夹杂	255	019-028.tsv	26:夹杂
0867	佳肴	256	019-028.tsv	26:佳肴
0868	家常	256	019-028.tsv	26:家常
0869	家伙	256	019-028.tsv	26:家伙
0870	家属	257	019-028.tsv	26:家属
0871	家喻户晓	257	019-028.tsv	26:家喻户晓
0872	假设	257	019-028.tsv	26:假设
0873	假使	257	019-028.tsv	26:假使
0874	尖端	258	019-028.tsv	26:尖端
0875	尖锐	258	019-028.tsv	26:尖锐
0876	坚定	258	019-028.tsv	26:坚定
0877	坚固	259	019-028.tsv	26:坚固
0878	坚韧	259	019-028.tsv	26:坚韧
0879	坚实	259	019-028.tsv	26:坚实
0880	坚硬	260	019-028.tsv	26:坚硬
0881	艰难	260	019-028.tsv	26:艰难
0882	监督	260	019-028.tsv	26:监督
0883	监视	260	019-028.tsv	26:监视
0884	监狱	261	019-028.tsv	26:监狱
0885	兼职	261	019-028.tsv	26:兼职
0886	煎	261	019-028.tsv	26:煎
0887	拣	262	019-028.tsv	26:拣
0888	检讨	262	019-028.tsv	26:检讨
0889	检验	262	019-028.tsv	26:检验
0890	剪彩	262	019-028.tsv	26:剪彩
0891	简化	263	019-028.tsv	26:简化
0892	简陋	263	019-028.tsv	26:简陋
0893	简体字	263	019-028.tsv	26:简体字
0894	简要	263	019-028.tsv	26:简要
0895	见多识广	264	019-028.tsv	26:见多识广
0896	见解	264	019-028.tsv	26:见解
0897	见闻	264	019-028.tsv	26:见闻
0898	见义勇为	264	019-028.tsv	26:见义勇为
0899	间谍	265	019-028.tsv	26:间谍
0900	间隔	265	019-028.tsv	26:间隔
0901	间接	265	019-028.tsv	26:间接
0902	剑	265	019-028.tsv	26:剑
0903	健全	266	019-028.tsv	26:健全
0904	舰艇	266	019-028.tsv	26:舰艇
0905	践踏	266	019-028.tsv	26:践踏
0906	鉴别	267	019-028.tsv	26:鉴别
0907	鉴定	267	019-028.tsv	26:鉴定
0908	鉴于	268	019-028.tsv	26:鉴于
0909	将近	268	019-028.tsv	26:将近
0910	将就	268	019-028.tsv	26:将就
0911	将军	268	019-028.tsv	26:将军
0912	僵硬	269	0501-1000_index.tsv	0501
0913	奖	270	0501-1000_index.tsv	0504
0914	交涉	271	0501-1000_index.tsv	0508
0915	交易	272	0501-1000_index.tsv	0510
0916	角落	273	0501-1000_index.tsv	0514
0917	缴纳	274	0501-1000_index.tsv	0517
0918	皆	275	0501-1000_index.tsv	0521
0919	节制	276	0501-1000_index.tsv	0525
0920	结局	277	0501-1000_index.tsv	0529
0921	截至	278	0501-1000_index.tsv	0532
0922	解雇	279	0501-1000_index.tsv	0536
0923	戒备	280	0501-1000_index.tsv	0540
0924	借助	281	0501-1000_index.tsv	0542
0925	紧密	282	0501-1000_index.tsv	0546
0926	进攻	283	0501-1000_index.tsv	0550
0927	近视	284	0501-1000_index.tsv	0554
0928	茎	285	0501-1000_index.tsv	0558
0929	惊动	286	0501-1000_index.tsv	0562
0930	精打细算	287	0501-1000_index.tsv	0566
0931	精确	288	0501-1000_index.tsv	0570
0932	精致	289	0501-1000_index.tsv	0574
0933	警惕	290	0501-1000_index.tsv	0578
0934	敬业	291	0501-1000_index.tsv	0582
0935	纠正	292	0501-1000_index.tsv	0586
0936	就业	293	0501-1000_index.tsv	0590
0937	居民	294	0501-1000_index.tsv	0594
0938	局面	295	0501-1000_index.tsv	0598
0939	沮丧	296	0501-1000_index.tsv	0602
0940	举世瞩目	297	0501-1000_index.tsv	0605
0941	据悉	298	0501-1000_index.tsv	0609
0942	觉悟	299	0501-1000_index.tsv	0613
0943	倔强	300	0501-1000_index.tsv	0616
0944	卡通	301	0501-1000_index.tsv	0619
0945	开朗	302	0501-1000_index.tsv	0623
0946	开水	303	0501-1000_index.tsv	0626
0947	开支	304	0501-1000_index.tsv	0629
0948	侃侃而谈	305	0501-1000_index.tsv	0633
0949	慷慨	306	0501-1000_index.tsv	0637
0950	考察	307	0501-1000_index.tsv	0640
0951	靠拢	308	0501-1000_index.tsv	0644
0952	磕	309	0501-1000_index.tsv	0647
0953	可笑	310	0501-1000_index.tsv	0651
0954	刻不容缓	311	0501-1000_index.tsv	0655
0955	肯	312	0501-1000_index.tsv	0659
0956	空前绝后	313	0501-1000_index.tsv	0662
0957	孔	314	0501-1000_index.tsv	0665
0958	空白	315	0501-1000_index.tsv	0669
0959	口腔	316	0501-1000_index.tsv	0672
0960	口音	317	0501-1000_index.tsv	0674
0961	枯萎	318	0501-1000_index.tsv	0676
0962	苦涩	319	0501-1000_index.tsv	0680
0963	快活	320	0501-1000_index.tsv	0683
0964	款待	321	0501-1000_index.tsv	0686
0965	矿产	322	0501-1000_index.tsv	0690
0966	亏损	323	0501-1000_index.tsv	0693
0967	扩充	324	0501-1000_index.tsv	0696
0968	喇叭	325	0501-1000_index.tsv	0699
0969	来历	326	0501-1000_index.tsv	0702
0970	狼狈	327	0501-1000_index.tsv	0706
0971	牢固	328	0501-1000_index.tsv	0710
0972	乐趣	329	0501-1000_index.tsv	0713
0973	冷淡	330	0501-1000_index.tsv	0717
0974	冷却	331	0501-1000_index.tsv	0720
0975	礼尚往来	332	0501-1000_index.tsv	0724
0976	理直气壮	333	0501-1000_index.tsv	0728
0977	力量	334	0501-1000_index.tsv	0732
0978	立场	335	0501-1000_index.tsv	0735
0979	立足	336	0501-1000_index.tsv	0739
0980	利率	337	0501-1000_index.tsv	0741
0981	连锁	338	0501-1000_index.tsv	0745
0982	联盟	339	0501-1000_index.tsv	0749
0983	量	340	0501-1000_index.tsv	0753
0984	林	341	0501-1000_index.tsv	0757
0985	灵感	342	0501-1000_index.tsv	0760
0986	灵性	343	0501-1000_index.tsv	0764
0987	领悟	344	0501-1000_index.tsv	0768
0988	留恋	345	0501-1000_index.tsv	0772
0989	流露	346	0501-1000_index.tsv	0776
0990	聋哑	347	0501-1000_index.tsv	0779
0991	篓	348	0501-1000_index.tsv	0783
0992	掠夺	349	0501-1000_index.tsv	0787
0993	轮胎	350	0501-1000_index.tsv	0791
0994	啰嗦	351	0501-1000_index.tsv	0794
0995	落实	352	0501-1000_index.tsv	0798
0996	麻痹	353	0501-1000_index.tsv	0799
0997	码头	354	0501-1000_index.tsv	0802
0998	埋伏	355	0501-1000_index.tsv	0805
0999	脉搏	356	0501-1000_index.tsv	0808
1000	漫画	357	0501-1000_index.tsv	0812
1001	茫然	358	0501-1000_index.tsv	0816
1002	冒险	359	0501-1000_index.tsv	0820
1003	媒体	360	0501-1000_index.tsv	0823
1004	萌芽	361	0501-1000_index.tsv	0828
1005	咪	362	0501-1000_index.tsv	0832
1006	迷人	363	0501-1000_index.tsv	0836
1007	谜语	364	0501-1000_index.tsv	0839
1008	免得	365	0501-1000_index.tsv	0843
1009	面子	366	0501-1000_index.tsv	0847
1010	描绘	367	0501-1000_index.tsv	0848
1011	灭亡	368	0501-1000_index.tsv	0852
1012	民主	369	0501-1000_index.tsv	0855
1013	名次	370	0501-1000_index.tsv	0858
1014	名誉	371	0501-1000_index.tsv	0861
1015	搜索	372	0501-1000_index.tsv	0865
1016	模型	373	0501-1000_index.tsv	0868
1017	磨合	374	0501-1000_index.tsv	0871
1018	莫名其妙	375	0501-1000_index.tsv	0875
1019	模样	376	0501-1000_index.tsv	0879
1020	沐浴	377	0501-1000_index.tsv	0883
1021	拿手	378	0501-1000_index.tsv	0884
1022	难得	379	0501-1000_index.tsv	0888
1023	恼火	380	0501-1000_index.tsv	0892
1024	能量	381	0501-1000_index.tsv	0896
1025	逆行	382	0501-1000_index.tsv	0899
1026	凝固	383	0501-1000_index.tsv	0902
1027	宁肯	384	0501-1000_index.tsv	0906
1028	农历	385	0501-1000_index.tsv	0910
1029	挪	386	0501-1000_index.tsv	0913
1030	哦	387	0501-1000_index.tsv	0915
1031	偶像	388	0501-1000_index.tsv	0919
1032	趴	389	0501-1000_index.tsv	0920
1033	排放	390	0501-1000_index.tsv	0923
1034	派别	391	0501-1000_index.tsv	0926
1035	判决	392	0501-1000_index.tsv	0930
1036	泡沫	393	1001-1500_index.tsv	1003
1037	配套	394	1001-1500_index.tsv	1008
1038	批发	395	1001-1500_index.tsv	1012
1039	疲惫	396	1001-1500_index.tsv	1016
1040	偏差	397	1001-1500_index.tsv	1020
1041	片断	398	1001-1500_index.tsv	1024
1042	飘扬	399	1001-1500_index.tsv	1027
1043	贫乏	400	1001-1500_index.tsv	1031
1044	频率	401	1001-1500_index.tsv	1034
1045	品质	402	1001-1500_index.tsv	1038
1046	平坦	403	1001-1500_index.tsv	1042
1047	评估	404	1001-1500_index.tsv	1045
1048	屏障	405	1001-1500_index.tsv	1048
1049	迫不及待	406	1001-1500_index.tsv	1052
1050	扑	407	1001-1500_index.tsv	1056
1051	朴素	408	1001-1500_index.tsv	1059
1052	瀑布	409	1001-1500_index.tsv	1061
1053	凄凉	410	1001-1500_index.tsv	1062
1054	欺负	411	1001-1500_index.tsv	1064
1055	奇妙	412	1001-1500_index.tsv	1068
1056	乞丐	413	1001-1500_index.tsv	1072
1057	启蒙	414	1001-1500_index.tsv	1076
1058	起草	415	1001-1500_index.tsv	1078
1059	起码	416	1001-1500_index.tsv	1082
1060	气概	417	1001-1500_index.tsv	1085
1061	气势	418	1001-1500_index.tsv	1089
1062	气质	419	1001-1500_index.tsv	1093
1063	掐	420	1001-1500_index.tsv	1097
1064	洽谈	421	1001-1500_index.tsv	1101
1065	牵	422	1001-1500_index.tsv	1105
1066	签订	423	1001-1500_index.tsv	1109
1067	潜力	424	1001-1500_index.tsv	1113
1068	强制	425	1001-1500_index.tsv	1117
1069	桥梁	426	1001-1500_index.tsv	1121
1070	切实	427	1001-1500_index.tsv	1124
1071	亲热	428	1001-1500_index.tsv	1128
1072	勤劳	429	1001-1500_index.tsv	1132
1073	青	430	1001-1500_index.tsv	1136
1074	倾斜	431	1001-1500_index.tsv	1139
1075	清洁	432	1001-1500_index.tsv	1143
1076	清真	433	1001-1500_index.tsv	1147
1077	情理	434	1001-1500_index.tsv	1150
1078	请教	435	1001-1500_index.tsv	1154
1079	区分	436	1001-1500_index.tsv	1158
1080	驱逐	437	1001-1500_index.tsv	1161
1081	取缔	438	1001-1500_index.tsv	1165
1082	权威	439	1001-1500_index.tsv	1169
1083	全力以赴	440	1001-1500_index.tsv	1172
1084	缺席	441	1001-1500_index.tsv	1176
1085	确立	442	1001-1500_index.tsv	1180
1086	群众	443	1001-1500_index.tsv	1183
1087	人道	446	1001-1500_index.tsv	1184
1088	人家	447	1001-1500_index.tsv	1187
1089	人为	448	1001-1500_index.tsv	1190
1090	忍耐	449	1001-1500_index.tsv	1194
1091	任命	450	1001-1500_index.tsv	1198
1092	仍旧	451	1001-1500_index.tsv	1202
1093	荣誉	452	1001-1500_index.tsv	1206
1094	融化	453	1001-1500_index.tsv	1209
1095	柔和	454	1001-1500_index.tsv	1211
1096	若干	455	1001-1500_index.tsv	1214
1097	撒谎	456	1001-1500_index.tsv	1216
1098	散布	457	1001-1500_index.tsv	1220
1099	嫂子	458	1001-1500_index.tsv	1224
1100	啥	459	1001-1500_index.tsv	1227
1101	擅长	460	1001-1500_index.tsv	1231
1102	上级	461	1001-1500_index.tsv	1235
1103	上游	462	1001-1500_index.tsv	1239
1104	烧	463	1001-1500_index.tsv	1243
1105	设立	464	1001-1500_index.tsv	1247
1106	涉及	465	1001-1500_index.tsv	1250
1107	呻吟	466	1001-1500_index.tsv	1254
1108	深情厚谊	467	1001-1500_index.tsv	1258
1109	神气	468	1001-1500_index.tsv	1261
1110	神圣	469	1001-1500_index.tsv	1264
1111	审理	470	1001-1500_index.tsv	1268
1112	慎重	471	1001-1500_index.tsv	1272
1113	生理	472	1001-1500_index.tsv	1275
1114	生物	473	1001-1500_index.tsv	1278
1115	生育	474	1001-1500_index.tsv	1281
1116	牲畜	475	1001-1500_index.tsv	1285
1117	盛开	476	1001-1500_index.tsv	1289
1118	失事	477	1001-1500_index.tsv	1293
1119	师范	478	1001-1500_index.tsv	1296
1120	石油	479	1001-1500_index.tsv	1300
1121	时光	480	1001-1500_index.tsv	1304
1122	识别	481	1001-1500_index.tsv	1308
1123	事实求是	482	1001-1500_index.tsv	1312
1124	拾	483	1001-1500_index.tsv	1315
1125	示意	484	1001-1500_index.tsv	1319
1126	势力	485	1001-1500_index.tsv	1323
1127	事态	486	1001-1500_index.tsv	1327
1128	试图	487	1001-1500_index.tsv	1331
1129	视线	488	1001-1500_index.tsv	1335
1130	适宜	489	1001-1500_index.tsv	1338
1131	收缩	490	1001-1500_index.tsv	1342
1132	手法	491	1001-1500_index.tsv	1345
1133	首饰	492	1001-1500_index.tsv	1349
1134	书法	493	1001-1500_index.tsv	1353
1135	舒畅	494	1001-1500_index.tsv	1357
1136	数	495	1001-1500_index.tsv	1360
1137	竖	496	1001-1500_index.tsv	1364
1138	耍	497	1001-1500_index.tsv	1367
1139	率领	498	1001-1500_index.tsv	1370
1140	水利	499	1001-1500_index.tsv	1374
1141	司法	500	1001-1500_index.tsv	1378
1142	思索	501	1001-1500_index.tsv	1382
1143	死亡	502	1001-1500_index.tsv	1386
1144	肆无忌惮	503	1001-1500_index.tsv	1390
1145	苏醒	504	1001-1500_index.tsv	1394
1146	素食	505	1001-1500_index.tsv	1397
1147	算数	506	1001-1500_index.tsv	1401
1148	随意	507	1001-1500_index.tsv	1405
1149	索取	508	1001-1500_index.tsv	1409
1150	塌	509	1001-1500_index.tsv	1411
1151	太空	510	1001-1500_index.tsv	1415
1152	摊	511	1001-1500_index.tsv	1419
1153	坦白	512	1001-1500_index.tsv	1422
1154	探索	513	1001-1500_index.tsv	1425
1155	倘若	514	1001-1500_index.tsv	1429
1156	陶醉	515	1501-2000_index.tsv	1504
1157	讨价还价	516	1501-2000_index.tsv	1508
1158	特意	517	1501-2000_index.tsv	1512
1159	提议	518	1501-2000_index.tsv	1516
1160	体谅	519	1501-2000_index.tsv	1520
1161	天赋	520	1501-2000_index.tsv	1524
1162	天堂	521	1501-2000_index.tsv	1528
1163	填	522	1501-2000_index.tsv	1532
1164	条约	523	1501-2000_index.tsv	1536
1165	调解	524	1501-2000_index.tsv	1540
1166	跳跃	525	1501-2000_index.tsv	1544
1167	停滞	526	1501-2000_index.tsv	1548
1168	通俗	527	1501-2000_index.tsv	1552
1169	同志	528	1501-2000_index.tsv	1556
1170	统筹兼顾	529	1501-2000_index.tsv	1559
1171	投机	530	1501-2000_index.tsv	1563
1172	投向	531	1501-2000_index.tsv	1566
1173	突破	532	1501-2000_index.tsv	1570
1174	涂抹	533	1501-2000_index.tsv	1574
1175	团圆	534	1501-2000_index.tsv	1578
1176	推论	535	1501-2000_index.tsv	1582
1177	拖延	536	1501-2000_index.tsv	1586
1178	椭圆	537	1501-2000_index.tsv	1590
1179	挖掘	538	1501-2000_index.tsv	1592
1180	哇	539	1501-2000_index.tsv	1595
1181	外界	540	1501-2000_index.tsv	1599
1182	完备	541	1501-2000_index.tsv	1602
1183	王	542	1501-2000_index.tsv	1606
1184	挽救	543	1501-2000_index.tsv	1609
1185	往常	544	1501-2000_index.tsv	1613
1186	危机	545	1501-2000_index.tsv	1616
1187	威信	546	1501-2000_index.tsv	1620
1188	为期	547	1501-2000_index.tsv	1624
1189	维持	548	1501-2000_index.tsv	1626
1190	维修	549	1501-2000_index.tsv	1629
1191	卫星	550	1501-2000_index.tsv	1633
1192	胃口	551	1501-2000_index.tsv	1637
1193	温带	552	1501-2000_index.tsv	1641
1194	文物	553	1501-2000_index.tsv	1644
1195	问世	554	1501-2000_index.tsv	1648
1196	无比	555	1501-2000_index.tsv	1652
1197	无从	556	1501-2000_index.tsv	1655
1198	无精打采	557	1501-2000_index.tsv	1658
1199	无力	558	1501-2000_index.tsv	1661
1200	无微不至	559	1501-2000_index.tsv	1665
1201	武侠	560	1501-2000_index.tsv	1669
1202	勿	561	1501-2000_index.tsv	1673
1203	物业	562	1501-2000_index.tsv	1677
1204	夕阳	564	1501-2000_index.tsv	1680
1205	牺牲	565	1501-2000_index.tsv	1683
1206	习俗	566	1501-2000_index.tsv	1687
1207	喜悦	567	1501-2000_index.tsv	1691
1208	细致	568	1501-2000_index.tsv	1695
1209	霞	569	1501-2000_index.tsv	1699
1210	先进	570	1501-2000_index.tsv	1702
1211	鲜明	571	1501-2000_index.tsv	1706
1212	贤惠	572	1501-2000_index.tsv	1708
1213	嫌疑	573	1501-2000_index.tsv	1712
1214	现成	574	1501-2000_index.tsv	1715
1215	陷害	575	1501-2000_index.tsv	1719
1216	馅儿	576	1501-2000_index.tsv	1722
1217	相辅相成	577	1501-2000_index.tsv	1726
1218	响应	578	1501-2000_index.tsv	1730
1219	向来	579	1501-2000_index.tsv	1733
1220	削	580	1501-2000_index.tsv	1737
1221	消耗	581	1501-2000_index.tsv	1741
1222	销毁	582	1501-2000_index.tsv	1744
1223	效益	583	1501-2000_index.tsv	1748
1224	协议	584	1501-2000_index.tsv	1752
1225	泄露	585	1501-2000_index.tsv	1756
1226	心得	586	1501-2000_index.tsv	1760
1227	心疼	587	1501-2000_index.tsv	1764
1228	辛勤	588	1501-2000_index.tsv	1767
1229	新陈代谢	589	1501-2000_index.tsv	1770
1230	薪水	590	1501-2000_index.tsv	1774
1231	信誉	591	1501-2000_index.tsv	1778
1232	刑事	592	1501-2000_index.tsv	1781
1233	兴高采烈	593	1501-2000_index.tsv	1784
1234	性感	594	1501-2000_index.tsv	1787
1235	凶猛	595	1501-2000_index.tsv	1791
1236	胸膛	596	1501-2000_index.tsv	1795
1237	修复	597	1501-2000_index.tsv	1799
1238	修养	598	1501-2000_index.tsv	1802
1239	嗅觉	599	1501-2000_index.tsv	1805
1240	虚荣	600	1501-2000_index.tsv	1808
1241	序言	601	1501-2000_index.tsv	1812
1242	喧哗	602	1501-2000_index.tsv	1816
1243	悬崖峭壁	603	1501-2000_index.tsv	1820
1244	选举	604	1501-2000_index.tsv	1824
1245	学历	605	1501-2000_index.tsv	1828
1246	血压	606	1501-2000_index.tsv	1832
1247	循环	607	1501-2000_index.tsv	1836
1248	压迫	608	1501-2000_index.tsv	1838
1249	压抑	609	1501-2000_index.tsv	1841
1250	鸦雀无声	610	1501-2000_index.tsv	1845
1251	延期	611	1501-2000_index.tsv	1849
1252	严寒	612	1501-2000_index.tsv	1852
1253	严厉	613	1501-2000_index.tsv	1855
1254	岩石	614	1501-2000_index.tsv	1858
1255	掩护	615	1501-2000_index.tsv	1862
1256	眼色	616	1501-2000_index.tsv	1865
1257	演变	617	1501-2000_index.tsv	1868
1258	演奏	618	1501-2000_index.tsv	1872
1259	验证	619	1501-2000_index.tsv	1875
1260	摇摆	620	1501-2000_index.tsv	1879
1261	咬牙切齿	621	1501-2000_index.tsv	1883
1262	要素	622	1501-2000_index.tsv	1887
1263	野心	623	1501-2000_index.tsv	1890
1264	依次	624	1501-2000_index.tsv	1894
1265	依赖	625	1501-2000_index.tsv	1898
1266	一度	626	1501-2000_index.tsv	1900
1267	一向	627	1501-2000_index.tsv	1904
1268	遗产	628	1501-2000_index.tsv	1908
1269	遗失	629	1501-2000_index.tsv	1911
1270	以免	630	1501-2000_index.tsv	1914
1271	以致	631	1501-2000_index.tsv	1917
1272	一丝不苟	632	1501-2000_index.tsv	1922
1273	意料	633	1501-2000_index.tsv	1925
1274	意味着	634	1501-2000_index.tsv	1928
1275	毅然	635	1501-2000_index.tsv	1932
1276	引导	636	1501-2000_index.tsv	1936
1277	饮食	637	2001-end_index.tsv	2001
1278	隐私	638	2001-end_index.tsv	2005
1279	英勇	639	2001-end_index.tsv	2009
1280	应酬	640	2001-end_index.tsv	2013
1281	拥有	641	2001-end_index.tsv	2016
1282	涌现	642	2001-end_index.tsv	2020
1283	用户	643	2001-end_index.tsv	2023
1284	优越	644	2001-end_index.tsv	2027
1285	油漆	645	2001-end_index.tsv	2031
1286	渔民	646	2001-end_index.tsv	2035
1287	与日俱增	647	2001-end_index.tsv	2039
1288	玉	648	2001-end_index.tsv	2043
1289	预算	649	2001-end_index.tsv	2047
1290	预兆	650	2001-end_index.tsv	2050
1291	冤枉	651	2001-end_index.tsv	2054
1292	元宵节	652	2001-end_index.tsv	2057
1293	原始	653	2001-end_index.tsv	2061
1294	源泉	654	2001-end_index.tsv	2065
1295	孕育	655	2001-end_index.tsv	2069
1296	酝酿	656	2001-end_index.tsv	2072
1297	杂技	657	2001-end_index.tsv	2075
1298	咋	658	2001-end_index.tsv	2078
1299	再接再厉	659	2001-end_index.tsv	2082
1300	暂且	660	2001-end_index.tsv	2086
1301	赞助	661	2001-end_index.tsv	2090
1302	糟蹋	662	2001-end_index.tsv	2094
1303	噪音	663	2001-end_index.tsv	2097
1304	赠送	664	2001-end_index.tsv	2101
1305	眨	665	2001-end_index.tsv	2104
1306	债券	666	2001-end_index.tsv	2107
1307	展示	667	2001-end_index.tsv	2111
1308	占据	668	2001-end_index.tsv	2115
1309	战斗	669	2001-end_index.tsv	2118
1310	战役	670	2001-end_index.tsv	2121
1311	障碍	671	2001-end_index.tsv	2125
1312	着迷	672	2001-end_index.tsv	2129
1313	照耀	673	2001-end_index.tsv	2133
1314	遮挡	674	2001-end_index.tsv	2136
1315	折磨	675	2001-end_index.tsv	2138
1316	珍稀	676	2001-end_index.tsv	2141
1317	真挚	677	2001-end_index.tsv	2145
1318	阵容	678	2001-end_index.tsv	2149
1319	震撼	679	2001-end_index.tsv	2152
1320	镇压	680	2001-end_index.tsv	2156
1321	争气	681	2001-end_index.tsv	2160
1322	征服	682	2001-end_index.tsv	2163
1323	整顿	683	2001-end_index.tsv	2167
1324	正经	684	2001-end_index.tsv	2171
1325	正宗	685	2001-end_index.tsv	2174
1326	政策	686	2001-end_index.tsv	2178
1327	支撑	687	2001-end_index.tsv	2182
1328	支配	688	2001-end_index.tsv	2185
1329	枝	689	2001-end_index.tsv	2188
1330	执行	690	2001-end_index.tsv	2192
1331	值班	691	2001-end_index.tsv	2196
1332	殖民地	692	2001-end_index.tsv	2200
1333	指令	693	2001-end_index.tsv	2204
1334	指望	694	2001-end_index.tsv	2207
1335	制订	695	2001-end_index.tsv	2211
1336	治安	696	2001-end_index.tsv	2215
1337	致使	697	2001-end_index.tsv	2219
1338	智商	698	2001-end_index.tsv	2222
1339	中央	699	2001-end_index.tsv	2226
1340	终点	700	2001-end_index.tsv	2229
1341	终止	701	2001-end_index.tsv	2233
1342	种族	702	2001-end_index.tsv	2237
1343	舟	703	2001-end_index.tsv	2241
1344	周年	704	2001-end_index.tsv	2244
1345	粥	705	2001-end_index.tsv	2248
1346	诸位	706	2001-end_index.tsv	2252
1347	主管	707	2001-end_index.tsv	2256
1348	主题	708	2001-end_index.tsv	2259
1349	嘱咐	709	2001-end_index.tsv	2262
1350	注射	710	2001-end_index.tsv	2266
1351	驻扎	711	2001-end_index.tsv	2270
1352	专长	712	2001-end_index.tsv	2274
1353	专题	713	2001-end_index.tsv	2278
1354	转让	714	2001-end_index.tsv	2282
1355	传记	715	2001-end_index.tsv	2285
1356	装备	716	2001-end_index.tsv	2288
1357	壮烈	717	2001-end_index.tsv	2292
1358	坠	718	2001-end_index.tsv	2296
1359	着想	719	2001-end_index.tsv	2300
1360	资本	720	2001-end_index.tsv	2303
1361	滋润	721	2001-end_index.tsv	2307
1362	自卑	722	2001-end_index.tsv	2310
1363	自主	723	2001-end_index.tsv	2314
1364	棕色	724	2001-end_index.tsv	2318
1365	纵横	725	2001-end_index.tsv	2322
1366	奏	726	2001-end_index.tsv	2326
1367	阻拦	727	2001-end_index.tsv	2330
1368	祖父	728	2001-end_index.tsv	2332
1369	钻石	729	2001-end_index.tsv	2336
1370	遵循	730	2001-end_index.tsv	2339
1371	作弊	731	2001-end_index.tsv	2342
1372	座右铭	732	2001-end_index.tsv	2346
