1251	领袖	344	1251-1500.md
1253	留恋	345	1251-1500.md
1254	留念	345	1251-1500.md
1256	流浪	345	1251-1500.md
1258	流氓	346	1251-1500.md
1260	聋哑	347	1251-1500.md
1261	隆重	347	1251-1500.md
1264	篓	348	1251-1500.md
1266	屡次	348	1251-1500.md
1267	履行	348	1251-1500.md
1268	掠夺	349	1251-1500.md
1269	略微	349	1251-1500.md
1270	轮船	349	1251-1500.md
1271	轮廓	349	1251-1500.md
1272	轮胎	350	1251-1500.md
1274	论证	350	1251-1500.md
1275	啰嗦	351	1251-1500.md
1278	落成	351	1251-1500.md
1279	落实	352	1251-1500.md
1280	麻痹	353	1251-1500.md
1281	麻木	353	1251-1500.md
1282	麻醉	353	1251-1500.md
1283	码头	354	1251-1500.md
1284	蚂蚁	354	1251-1500.md
1285	嘛	354	1251-1500.md
1286	埋伏	355	1251-1500.md
1287	埋葬	355	1251-1500.md
1292	漫长	356	1251-1500.md
1293	漫画	357	1251-1500.md
1294	忙碌	357	1251-1500.md
1295	盲目	357	1251-1500.md
1299	冒充	358	1251-1500.md
1300	冒犯	358	1251-1500.md
1304	媒体	360	1251-1500.md
1305	美观	360	1251-1500.md
1306	美满	360	1251-1500.md
1307	美妙	360	1251-1500.md
1311	猛烈	361	1251-1500.md
1312	梦想	361	1251-1500.md
1314	弥补	362	1251-1500.md
1315	弥漫	362	1251-1500.md
1318	迷失	363	1251-1500.md
1319	迷信	363	1251-1500.md
1321	密度	364	1251-1500.md
1324	免得	365	1251-1500.md
1325	勉励	365	1251-1500.md
1326	勉强	365	1251-1500.md
1328	面子	366	1251-1500.md
1332	蔑视	367	1251-1500.md
1333	灭亡	368	1251-1500.md
1335	民用	368	1251-1500.md
1337	敏感	369	1251-1500.md
1338	敏捷	369	1251-1500.md
1339	名次	370	1251-1500.md
1340	名额	370	1251-1500.md
1341	名副其实	370	1251-1500.md
1343	明明	371	1251-1500.md
1345	命名	371	1251-1500.md
1346	搜索	372	1251-1500.md
1347	模范	372	1251-1500.md
1348	模式	372	1251-1500.md
1351	磨擦	373	1251-1500.md
1352	磨合	374	1251-1500.md
1356	莫名其妙	375	1251-1500.md
1357	墨水儿	375	1251-1500.md
1358	默默	375	1251-1500.md
1359	谋求	375	1251-1500.md
1361	母语	376	1251-1500.md
1362	目睹	376	1251-1500.md
1363	目光	376	1251-1500.md
1364	沐浴	377	1251-1500.md
1375	内幕	380	1251-1500.md
1376	内在	380	1251-1500.md
1377	能量	381	1251-1500.md
1381	年度	382	1251-1500.md
1383	凝固	383	1251-1500.md
1384	凝聚	383	1251-1500.md
1386	拧	383	1251-1500.md
1387	宁肯	384	1251-1500.md
1392	浓厚	385	1251-1500.md
1393	奴隶	385	1251-1500.md
1395	虐待	386	1251-1500.md
1398	殴打	387	1251-1500.md
1399	呕吐	387	1251-1500.md
1480	奇妙	412	1251-1500.md
1495	起义	416	1251-1500.md
1496	起源	416	1251-1500.md
1497	气概	417	1251-1500.md
1502	气味	418	1501-1750.md
1507	器材	419	1501-1750.md
1508	器官	419	1501-1750.md
1510	恰当	420	1501-1750.md
1514	千方百计	421	1501-1750.md
1515	迁就	421	1501-1750.md
1517	牵	422	1501-1750.md
1520	谦逊	422	1501-1750.md
1521	签订	423	1501-1750.md
1522	签署	423	1501-1750.md
1523	前景	423	1501-1750.md
1524	前提	423	1501-1750.md
1525	潜力	424	1501-1750.md
1526	潜水	424	1501-1750.md
1530	抢劫	425	1501-1750.md
1531	抢救	425	1501-1750.md
1532	强迫	425	1501-1750.md
1533	桥梁	426	1501-1750.md
1544	勤劳	429	1501-1750.md
1547	轻而易举	429	1501-1750.md
1550	倾向	430	1501-1750.md
1551	倾斜	431	1501-1750.md
1554	清除	431	1501-1750.md
1557	清晰	432	1501-1750.md
1559	清真	433	1501-1750.md
1564	晴朗	434	1501-1750.md
1637	三角	456	1501-1750.md
1638	散文	456	1501-1750.md
1639	散布	457	1501-1750.md
1640	散发	457	1501-1750.md
1641	丧失	457	1501-1750.md
1642	骚扰	457	1501-1750.md
1643	嫂子	458	1501-1750.md
1644	色彩	458	1501-1750.md
1646	啥	459	1501-1750.md
1647	筛选	459	1501-1750.md
1648	山脉	459	1501-1750.md
1649	闪烁	459	1501-1750.md
1650	擅长	460	1501-1750.md
1651	擅自	460	1501-1750.md
1652	伤脑筋	460	1501-1750.md
1653	商标	460	1501-1750.md
1654	上级	461	1501-1750.md
1655	上进	461	1501-1750.md
1656	上任	461	1501-1750.md
1657	上瘾	461	1501-1750.md
1658	上游	462	1501-1750.md
1659	尚且	462	1501-1750.md
1660	捎	462	1501-1750.md
1662	烧	463	1501-1750.md
1663	奢侈	463	1501-1750.md
1664	舌头	463	1501-1750.md
1666	设立	464	1501-1750.md
1667	设想	464	1501-1750.md
1668	设置	464	1501-1750.md
1670	摄取	465	1501-1750.md
1671	摄氏度	465	1501-1750.md
1672	申报	465	1501-1750.md
1673	呻吟	466	1501-1750.md
1674	绅士	466	1501-1750.md
1675	深奥	466	1501-1750.md
1676	深沉	466	1501-1750.md
1677	深情厚谊	467	1501-1750.md
1678	神经	467	1501-1750.md
1679	神奇	467	1501-1750.md
1681	神情	468	1501-1750.md
1682	神色	468	1501-1750.md
1684	神态	469	1501-1750.md
1685	神仙	469	1501-1750.md
1686	审查	469	1501-1750.md
1687	审理	470	1501-1750.md
1688	审美	470	1501-1750.md
1689	审判	470	1501-1750.md
1690	渗透	470	1501-1750.md
1691	慎重	471	1501-1750.md
1693	生机	471	1501-1750.md
1695	生疏	472	1501-1750.md
1696	生态	472	1501-1750.md
1699	生锈	473	1501-1750.md
1702	声势	474	1501-1750.md
1703	声誉	474	1501-1750.md
1704	牲畜	475	1501-1750.md
1706	胜负	475	1501-1750.md
1707	盛产	475	1501-1750.md
1709	盛情	476	1501-1750.md
1710	盛行	476	1501-1750.md
1711	尸体	476	1501-1750.md
1713	失误	477	1501-1750.md
1714	失踪	477	1501-1750.md
1716	施加	478	1501-1750.md
1717	施展	478	1501-1750.md
1718	十足	478	1501-1750.md
1719	石油	479	1501-1750.md
1720	时差	479	1501-1750.md
1721	时常	479	1501-1750.md
1723	时光	480	1501-1750.md
1724	时机	480	1501-1750.md
1725	时事	480	1501-1750.md
1726	时装	480	1501-1750.md
1727	识别	481	1501-1750.md
1728	实惠	481	1501-1750.md
1729	实力	481	1501-1750.md
1730	实施	481	1501-1750.md
1731	事实求是	482	1501-1750.md
1732	实行	482	1501-1750.md
1733	实质	482	1501-1750.md
1734	拾	483	1501-1750.md
1735	使命	483	1501-1750.md
1737	示威	483	1501-1750.md
1738	示意	484	1501-1750.md
1740	世界观	484	1501-1750.md
1742	势力	485	1501-1750.md
1743	事故	485	1501-1750.md
1744	事迹	485	1501-1750.md
1745	事件	485	1501-1750.md
1746	事态	486	1501-1750.md
1747	事务	486	1501-1750.md
1748	事项	486	1501-1750.md
1749	事业	486	1501-1750.md
1750	试图	487	1501-1750.md
1751	试验	487	1751-2000.md
1753	视频	487	1751-2000.md
1756	是非	488	1751-2000.md
1757	适宜	489	1751-2000.md
1758	逝世	489	1751-2000.md
1761	收缩	490	1751-2000.md
1762	收益	490	1751-2000.md
1763	收音机	490	1751-2000.md
1764	手法	491	1751-2000.md
1765	手势	491	1751-2000.md
1766	手艺	491	1751-2000.md
1767	守护	491	1751-2000.md
1768	首饰	492	1751-2000.md
1769	首要	492	1751-2000.md
1770	受罪	492	1751-2000.md
1771	授予	492	1751-2000.md
1772	书法	493	1751-2000.md
1773	书籍	493	1751-2000.md
1774	书记	493	1751-2000.md
1775	书面	493	1751-2000.md
1776	舒畅	494	1751-2000.md
1777	疏忽	494	1751-2000.md
1778	疏远	494	1751-2000.md
1779	数	495	1751-2000.md
1782	树立	495	1751-2000.md
1783	竖	496	1751-2000.md
1784	数额	496	1751-2000.md
1785	数目	496	1751-2000.md
1786	耍	497	1751-2000.md
1787	衰老	497	1751-2000.md
1789	率领	498	1751-2000.md
1790	涮火锅	498	1751-2000.md
1791	双胞胎	498	1751-2000.md
1792	爽快	498	1751-2000.md
1794	水龙头	499	1751-2000.md
1797	司法	500	1751-2000.md
1798	司令	500	1751-2000.md
1799	私自	500	1751-2000.md
1800	思念	500	1751-2000.md
1801	思索	501	1751-2000.md
1802	思维	501	1751-2000.md
1803	思绪	501	1751-2000.md
1804	斯文	501	1751-2000.md
1805	死亡	502	1751-2000.md
1808	饲养	502	1751-2000.md
1809	肆无忌惮	503	1751-2000.md
1810	搜	503	1751-2000.md
1811	搜索	503	1751-2000.md
1813	苏醒	504	1751-2000.md
1814	俗话	504	1751-2000.md
1815	诉讼	504	1751-2000.md
1817	素质	505	1751-2000.md
1818	塑造	505	1751-2000.md
1819	算了	505	1751-2000.md
1820	算数	506	1751-2000.md
1821	随即	506	1751-2000.md
1823	随手	506	1751-2000.md
1825	岁月	507	1751-2000.md
1826	隧道	507	1751-2000.md
1829	索性	508	1751-2000.md
1832	塔	509	1751-2000.md
1845	探讨	513	1751-2000.md
1853	淘气	515	1751-2000.md
1857	特长	516	1751-2000.md
1865	题材	518	1751-2000.md
1874	天然气	520	1751-2000.md
1878	田径	521	1751-2000.md
1879	田野	521	1751-2000.md
1883	条理	522	1751-2000.md
1885	调和	523	1751-2000.md
1896	停滞	526	1751-2000.md
1904	同志	528	1751-2000.md
1906	童话	528	1751-2000.md
1908	统计	529	1751-2000.md
1911	投机	530	1751-2000.md
1914	投向	531	1751-2000.md
1916	透露	531	1751-2000.md
1917	途	531	1751-2000.md
1919	图案	532	1751-2000.md
1924	团结	533	1751-2000.md
1948	外向	540	1751-2000.md
1950	完备	541	1751-2000.md
1953	玩意儿	541	1751-2000.md
1958	惋惜	543	1751-2000.md
1964	危机	545	1751-2000.md
1965	威风	545	1751-2000.md
1966	威力	545	1751-2000.md
1971	为难	546	1751-2000.md
1972	为期	547	1751-2000.md
1973	为首	547	1751-2000.md
1975	维护	548	1751-2000.md
1977	维修	549	1751-2000.md
1990	温和	552	1751-2000.md
2017	武侠	560	2001-2250.md
2026	物资	562	2001-2250.md
2028	夕阳	564	2001-2250.md
2035	习俗	566	2001-2250.md
2045	狭隘	568	2001-2250.md
2050	先进	570	2001-2250.md
2061	显著	573	2001-2250.md
2063	现成	574	2001-2250.md
2085	削	580	2001-2250.md
2104	泄露	585	2001-2250.md
2105	泄气	585	2001-2250.md
2109	心甘情愿	586	2001-2250.md
2110	心灵	586	2001-2250.md
2111	心态	586	2001-2250.md
2112	心疼	587	2001-2250.md
2113	心血	587	2001-2250.md
2114	心眼儿	587	2001-2250.md
2115	辛勤	588	2001-2250.md
2117	欣欣向荣	588	2001-2250.md
2118	新陈代谢	589	2001-2250.md
2120	新娘	589	2001-2250.md
2121	新颖	589	2001-2250.md
2123	信赖	590	2001-2250.md
2125	信仰	590	2001-2250.md
2126	信誉	591	2001-2250.md
2127	兴隆	591	2001-2250.md
2134	幸好	593	2001-2250.md
2135	性感	594	2001-2250.md
2136	性命	594	2001-2250.md
2139	凶猛	595	2001-2250.md
2140	凶手	595	2001-2250.md
2141	汹涌	595	2001-2250.md
2142	胸怀	595	2001-2250.md
2143	胸膛	596	2001-2250.md
2145	雄伟	596	2001-2250.md
2146	休养	596	2001-2250.md
2147	修复	597	2001-2250.md
2165	悬挂	602	2001-2250.md
2170	旋转	603	2001-2250.md
2204	严密	613	2001-2250.md
2215	眼下	616	2001-2250.md
2234	要命	621	2001-2250.md
2254	仪器	627	2251-2500.md
2270	一丝不苟	632	2251-2500.md
2284	引导	636	2251-2500.md
2301	拥护	640	2251-2500.md
2313	优越	644	2251-2500.md
2370	在意	659	2251-2500.md
2392	摘要	665	2251-2500.md
2473	支柱	688	2251-2500.md
2537	株	705	2501-2750.md
2611	走私	725	2501-2750.md
2629	作废	731	2501-2750.md
