2017	武侠	560	2001-2250.md
2026	物资	562	2001-2250.md
2028	夕阳	564	2001-2250.md
2035	习俗	566	2001-2250.md
2045	狭隘	568	2001-2250.md
2050	先进	570	2001-2250.md
2061	显著	573	2001-2250.md
2063	现成	574	2001-2250.md
2085	削	580	2001-2250.md
2104	泄露	585	2001-2250.md
2105	泄气	585	2001-2250.md
2109	心甘情愿	586	2001-2250.md
2110	心灵	586	2001-2250.md
2111	心态	586	2001-2250.md
2112	心疼	587	2001-2250.md
2113	心血	587	2001-2250.md
2114	心眼儿	587	2001-2250.md
2115	辛勤	588	2001-2250.md
2117	欣欣向荣	588	2001-2250.md
2118	新陈代谢	589	2001-2250.md
2120	新娘	589	2001-2250.md
2121	新颖	589	2001-2250.md
2123	信赖	590	2001-2250.md
2125	信仰	590	2001-2250.md
2126	信誉	591	2001-2250.md
2127	兴隆	591	2001-2250.md
2134	幸好	593	2001-2250.md
2135	性感	594	2001-2250.md
2136	性命	594	2001-2250.md
2139	凶猛	595	2001-2250.md
2140	凶手	595	2001-2250.md
2141	汹涌	595	2001-2250.md
2142	胸怀	595	2001-2250.md
2143	胸膛	596	2001-2250.md
2145	雄伟	596	2001-2250.md
2146	休养	596	2001-2250.md
2147	修复	597	2001-2250.md
2165	悬挂	602	2001-2250.md
2170	旋转	603	2001-2250.md
2204	严密	613	2001-2250.md
2215	眼下	616	2001-2250.md
2234	要命	621	2001-2250.md
2254	仪器	627	2251-2500.md
2270	一丝不苟	632	2251-2500.md
2284	引导	636	2251-2500.md
2301	拥护	640	2251-2500.md
2313	优越	644	2251-2500.md
2370	在意	659	2251-2500.md
2392	摘要	665	2251-2500.md
2473	支柱	688	2251-2500.md
2537	株	705	2501-2750.md
2611	走私	725	2501-2750.md
2629	作废	731	2501-2750.md
