1094	觉悟	299	356
1095	觉醒	299	356
1108	开拓	303	360
1109	开展	303	360
1110	开支	304	361
1112	刊物	304	361
1114	侃侃而谈	305	362
1116	看待	305	362
1117	看望	305	362
1118	慷慨	306	363
1119	扛	306	363
1120	抗议	306	363
1121	考察	307	364
1126	科目	308	365
1127	颗粒	308	365
1132	可笑	310	367
1133	可行	310	367
1134	可望	310	367
1136	刻不容缓	311	368
1137	客户	311	368
1139	恳切	311	368
1141	坑	312	369
1142	空洞	312	369
1143	空前绝后	313	370
1144	空想	313	370
1145	空虚	313	370
1146	孔	314	371
1147	恐怖	314	371
1148	恐吓	314	371
1149	恐惧	314	371
1151	空隙	315	372
1153	口腔	316	373
1154	口头	316	373
1155	口音	317	374
1156	扣	317	374
1157	枯萎	318	375
1158	枯燥	318	375
1159	哭泣	318	375
1161	苦涩	319	376
1166	宽容	320	377
1167	款待	321	378
1168	款式	321	378
1169	筐	321	378
1171	矿产	322	379
1173	愧疚	322	379
1174	亏损	323	380
1176	捆绑	323	380
1178	扩散	324	381
1179	扩张	324	381
1182	啦	325	382
1183	来历	326	383
1184	来源	326	383
1185	栏目	326	383
1186	懒惰	326	383
1187	狼狈	327	384
1188	狼吞虎咽	327	384
1189	朗读	327	384
1190	捞	327	384
1191	牢固	328	385
1193	唠叨	328	385
1194	乐趣	329	386
1198	冷淡	330	387
1199	冷酷	330	387
1200	冷落	330	387
1201	冷却	331	388
1202	愣	331	388
1203	黎明	331	388
1204	礼节	331	388
1205	礼尚往来	332	389
1209	理直气壮	333	390
1210	理论	333	390
1211	力所能及	333	390
1213	力量	334	391
1214	历代	334	391
1215	历来	334	391
1216	立场	335	392
1217	立方	335	392
1219	立体	335	392
1220	立足	336	393
1221	厉害	336	393
1222	利率	337	394
1223	例外	337	394
1224	粒	337	394
1225	连年	337	394
1227	连同	338	395
1228	联欢	338	395
1230	联盟	339	396
1231	联想	339	396
1232	廉洁	339	396
1233	良心	339	396
1234	量	340	397
1235	亮	340	397
1236	凉快	340	397
1238	林	341	402
1240	伶俐	341	402
1241	灵感	342	403
1242	灵魂	342	403
1243	灵敏	342	403
1244	凌晨	342	403
1245	灵性	343	404
1246	领会	343	404
1247	领事馆	343	404
1248	领土	343	404
1250	领先	344	405
