2001	饮食	637
2002	隐藏	637
2003	隐患	637
2004	隐瞒	637
2005	隐私	638
2006	隐约	638
2007	印刷	638
2008	英明	638
2009	英勇	639
2010	婴儿	639
2011	迎面	639
2012	盈利	639
2013	应酬	640
2014	应邀	640
2015	拥护	640
2016	拥有	641
2017	庸俗	641
2018	永恒	641
2019	勇于	641
2020	涌现	642
2021	踊跃	642
2022	用功	642
2023	用户	643
2024	优胜劣汰	643
2025	优秀	643
2026	优异	643
2027	优越	644
2028	忧郁	644
2029	犹如	644
2030	油腻	644
2031	油漆	645
2032	有条不紊	645
2033	幼稚	645
2034	诱惑	645
2035	渔民	646
2036	愚蠢	646
2037	愚昧	646
2038	舆论	646
2039	与日俱增	647
2040	予以	647
2041	宇宙	647
2042	羽绒服	647
2043	玉	648
2044	预料	648
2045	预期	648
2046	预赛	648
2047	预算	649
2048	预先	649
2049	预言	649
2050	预兆	650
2051	欲望	650
2052	寓言	650
2053	愈	650
2054	冤枉	651
2055	元首	651
2056	元素	651
2057	元宵节	652
2058	园林	652
2059	原告	652
2060	原理	652
2061	原始	653
2062	原先	653
2063	圆满	653
2064	缘故	653
2065	源泉	654
2066	约束	654
2067	乐谱	654
2068	岳母	654
2069	孕育	655
2070	运算	655
2071	运行	655
2072	酝酿	656
2073	蕴藏	656
2074	韵	656
2075	杂技	657
2076	杂交	657
2077	砸	657
2078	咋	658
2079	灾难	658
2080	栽培	658
2081	宰	658
2082	再接再厉	659
2083	在乎	659
2084	在意	659
2085	攒	659
2086	暂且	660
2087	赞叹	660
2088	赞同	660
2089	赞扬	660
2090	赞助	661
2091	遭受	661
2092	遭殃	661
2093	遭遇	661
2094	糟蹋	662
2095	造反	662
2096	造型	662
2097	噪音	663
2098	责怪	663
2099	贼	663
2100	增添	663
2101	赠送	664
2102	扎	664
2103	扎实	664
2104	眨	665
2105	诈骗	665
2106	摘要	665
2107	债券	666
2108	沾光	666
2109	瞻仰	666
2110	斩钉截铁	666
2111	展示	667
2112	展望	667
2113	展现	667
2114	崭新	667
2115	占据	668
2116	占领	668
2117	占有	668
2118	战斗	669
2119	战略	669
2120	战术	669
2121	战役	670
2122	章程	670
2123	长辈	670
2124	帐篷	670
2125	障碍	671
2126	招标	671
2127	招收	671
2128	朝气蓬勃	671
2129	着迷	672
2130	沼泽	672
2131	照料	672
2132	照样	672
2133	照耀	673
2134	照应	673
2135	折腾	673
2136	遮挡	674
2137	折	674
2138	折磨	675
2139	侦探	675
2140	珍贵	675
2141	珍稀	676
2142	珍珠	676
2143	真理	676
2144	真相	676
2145	真挚	677
2146	斟酌	677
2147	枕头	677
2148	阵地	677
2149	阵容	678
2150	振奋	678
2151	振兴	678
2152	震撼	679
2153	震惊	679
2154	镇定	679
2155	镇静	679
2156	镇压	680
2157	正月	680
2158	争端	680
2159	争夺	680
2160	争气	681
2161	争先恐后	681
2162	争议	681
2163	征服	682
2164	征收	682
2165	挣扎	682
2166	蒸发	682
2167	整顿	683
2168	正当	683
2169	正负	683
2170	正规	683
2171	正经	684
2172	正气	684
2173	正义	684
2174	正宗	685
2175	证实	685
2176	证书	685
2177	郑重	685
2178	政策	686
2179	政权	686
2180	症状	686
2181	之际	686
2182	支撑	687
2183	支出	687
2184	支流	687
2185	支配	688
2186	支援	688
2187	支柱	688
2188	枝	689
2189	知觉	689
2190	知足常乐	689
2191	脂肪	689
2192	执行	690
2193	执着	690
2194	直播	690
2195	直径	690
2196	值班	691
2197	职能	691
2198	职位	691
2199	职务	691
2200	殖民地	692
2201	指标	692
2202	指定	692
2203	指甲	692
2204	指令	693
2205	指南针	693
2206	指示	693
2207	指望	694
2208	指责	694
2209	志气	694
2210	制裁	694
2211	制订	695
2212	制服	695
2213	制约	695
2214	制止	695
2215	治安	696
2216	治理	696
2217	致辞	696
2218	致力	696
2219	致使	697
2220	智力	697
2221	智能	697
2222	智商	698
2223	滞留	698
2224	中断	698
2225	中立	698
2226	中央	699
2227	忠诚	699
2228	忠实	699
2229	终点	700
2230	终究	700
2231	终年	700
2232	终身	700
2233	终止	701
2234	衷心	701
2235	肿瘤	701
2236	种子	701
2237	种族	702
2238	众所周知	702
2239	种植	702
2240	重心	702
2241	舟	703
2242	周边	703
2243	周密	703
2244	周年	704
2245	周期	704
2246	周折	704
2247	周转	704
2248	粥	705
2249	昼夜	705
2250	皱纹	705
2251	株	705
2252	诸位	706
2253	逐年	706
2254	主办	706
2255	主导	706
2256	主管	707
2257	主流	707
2258	主权	707
2259	主题	708
2260	主义	708
2261	柱	708
2262	嘱咐	709
2263	助理	709
2264	助手	709
2265	住宅	709
2266	注射	710
2267	注视	710
2268	注释	710
2269	注重	710
2270	驻扎	711
2271	著作	711
2272	铸造	711
2273	拽	711
2274	专长	712
2275	专程	712
2276	专科	712
2277	专利	712
2278	专题	713
2279	砖	713
2280	砖瓦	713
2281	转达	713
2282	转让	714
2283	转移	714
2284	转折	714
2285	传记	715
2286	庄稼	715
2287	庄重	715
2288	装备	716
2289	装卸	716
2290	壮观	716
2291	壮丽	716
2292	壮烈	717
2293	幢	717
2294	追悼	717
2295	追究	717
2296	坠	718
2297	准则	718
2298	卓越	718
2299	着手	718
2300	着想	719
2301	着重	719
2302	姿态	719
2303	资本	720
2304	资产	720
2305	资源	720
2306	资助	720
2307	滋润	721
2308	滋味	721
2309	子弹	721
2310	自卑	722
2311	自发	722
2312	自力更生	722
2313	自满	722
2314	自主	723
2315	字母	723
2316	宗教	723
2317	宗旨	723
2318	棕色	724
2319	踪迹	724
2320	总而言之	724
2321	总和	724
2322	纵横	725
2323	走廊	725
2324	走漏	725
2325	走私	725
2326	奏	726
2327	租赁	726
2328	足以	726
2329	阻碍	726
2330	阻拦	727
2331	组	727
2332	祖父	728
2333	祖国	728
2334	祖先	728
2335	钻研	728
2336	钻石	729
2337	嘴唇	729
2338	罪犯	729
2339	遵循	730
2340	琢磨	730
2341	左右	730
2342	作弊	731
2343	作废	731
2344	作风	731
2345	作息	731
2346	座右铭	732
2347	做东	732
2348	做主	732
