269	陈述	74	0251-0500.md
271	称心如意	74	0251-0500.md
368	脆弱	101	0251-0500.md
478	动态	130	0251-0500.md
479	动员	131	0251-0500.md
480	冻结	131	0251-0500.md
483	陡峭	132	0251-0500.md
714	恭敬	196	0501-0750.md
756	归根到底	207	0751-1000.md
760	规格	208	0751-1000.md
1065	镜头	291	1001-1250.md
1138	课题	311	1001-1250.md
1177	扩充	324	1001-1250.md
1694	生理	472	1501-1750.md
1736	示范	483	1501-1750.md
1741	势必	484	1501-1750.md
1810	搜	503	1751-2000.md
1816	素食	505	1751-2000.md
1914	投向	531	1751-2000.md
1917	途	531	1751-2000.md
2128	兴旺	591	2001-2250.md
2129	刑事	592	2001-2250.md
2137	性能	594	2001-2250.md
2139	凶猛	595	2001-2250.md
