seq	headword	page
0501	僵硬	269
0502	奖励	269
0503	奖赏	269
0504	奖	270
0505	降临	270
0506	交叉	270
0507	交代	270
0508	交涉	271
0509	交往	271
0510	交易	272
0511	娇气	272
0512	焦点	272
0513	焦急	272
0514	角落	273
0515	侥幸	273
0516	搅拌	273
0517	缴纳	274
0518	较量	274
0519	教养	274
0520	阶层	274
0521	皆	275
0522	接连	275
0523	揭发	275
0524	揭露	275
0525	节制	276
0526	节奏	276
0527	杰出	276
0528	结晶	276
0529	结局	277
0530	结算	277
0531	截止	277
0532	截至	278
0533	竭尽全力	278
0534	解除	278
0535	解放	278
0536	解雇	279
0537	解剖	279
0538	解散	279
0539	解体	279
0540	戒备	280
0541	借鉴	280
0542	借助	281
0543	金融	281
0544	津津有味	281
0545	尽快	281
0546	紧密	282
0547	紧迫	282
0548	锦上添花	282
0549	进而	282
0550	进攻	283
0551	进化	283
0552	进展	283
0553	近来	283
0554	近视	284
0555	劲头	284
0556	晋升	284
0557	浸泡	284
0558	茎	285
0559	经费	285
0560	经商	285
0561	经纬	285
0562	惊动	286
0563	惊奇	286
0564	惊讶	286
0565	兢兢业业	286
0566	精打细算	287
0567	精华	287
0568	精简	287
0569	精密	287
0570	精确	288
0571	精通	288
0572	精心	288
0573	精益求精	288
0574	精致	289
0575	井	289
0576	颈椎	289
0577	警告	289
0578	警惕	290
0579	竞赛	290
0580	竞选	290
0581	敬礼	290
0582	敬业	291
0583	境界	291
0584	镜头	291
0585	纠纷	291
0586	纠正	292
0587	酒精	292
0588	救济	292
0589	就近	292
0590	就业	293
0591	就职	293
0592	拘留	293
0593	拘束	293
0594	居民	294
0595	居住	294
0596	鞠躬	294
0597	局部	294
0598	局面	295
0599	局势	295
0600	局限	295
0601	咀嚼	295
0602	沮丧	296
0603	举动	296
0604	举世闻名	296
0605	举世瞩目	297
0606	举足轻重	297
0607	剧本	297
0608	剧烈	297
0609	据悉	298
0610	聚精会神	298
0611	卷	298
0612	决策	298
0613	觉悟	299
0614	觉醒	299
0615	绝望	299
0616	倔强	300
0617	军队	300
0618	君子	300
0619	卡通	301
0620	开采	301
0621	开除	301
0622	开阔	301
0623	开朗	302
0624	开明	302
0625	开辟	302
0626	开水	303
0627	开拓	303
0628	开展	303
0629	开支	304
0630	刊登	304
0631	刊物	304
0632	勘探	304
0633	侃侃而谈	305
0634	砍伐	305
0635	看待	305
0636	看望	305
0637	慷慨	306
0638	扛	306
0639	抗议	306
0640	考察	307
0641	考古	307
0642	考核	307
0643	考验	307
0644	靠拢	308
0645	科目	308
0646	颗粒	308
0647	磕	309
0648	可观	309
0649	可口	309
0650	可恶	309
0651	可笑	310
0652	可行	310
0653	可望	310
0654	克制	310
0655	刻不容缓	311
0656	客户	311
0657	课题	311
0658	恳切	311
0659	肯	312
0660	坑	312
0661	空洞	312
0662	空前绝后	313
0663	空想	313
0664	空虚	313
0665	孔	314
0666	恐怖	314
0667	恐吓	314
0668	恐惧	314
0669	空白	315
0670	空隙	315
0671	口气	315
0672	口腔	316
0673	口头	316
0674	口音	317
0675	扣	317
0676	枯萎	318
0677	枯燥	318
0678	哭泣	318
0679	苦尽甘来	318
0680	苦涩	319
0681	垮	319
0682	跨	319
0683	快活	320
0684	宽敞	320
0685	宽容	320
0686	款待	321
0687	款式	321
0688	筐	321
0689	况且	321
0690	矿产	322
0691	框架	322
0692	愧疚	322
0693	亏损	323
0694	昆虫	323
0695	捆绑	323
0696	扩充	324
0697	扩散	324
0698	扩张	324
0699	喇叭	325
0700	蜡烛	325
0701	啦	325
0702	来历	326
0703	来源	326
0704	栏目	326
0705	懒惰	326
0706	狼狈	327
0707	狼吞虎咽	327
0708	朗读	327
0709	捞	327
0710	牢固	328
0711	劳驾	328
0712	唠叨	328
0713	乐趣	329
0714	乐意	329
0715	雷达	329
0716	类似	329
0717	冷淡	330
0718	冷酷	330
0719	冷落	330
0720	冷却	331
0721	愣	331
0722	黎明	331
0723	礼节	331
0724	礼尚往来	332
0725	里程碑	332
0726	理睬	332
0727	理所当然	332
0728	理直气壮	333
0729	理论	333
0730	力所能及	333
0731	力求	333
0732	力量	334
0733	历代	334
0734	历来	334
0735	立场	335
0736	立方	335
0737	立交桥	335
0738	立体	335
0739	立足	336
0740	厉害	336
0741	利率	337
0742	例外	337
0743	粒	337
0744	连年	337
0745	连锁	338
0746	连同	338
0747	联欢	338
0748	联络	338
0749	联盟	339
0750	联想	339
0751	廉洁	339
0752	良心	339
0753	量	340
0754	亮	340
0755	凉快	340
0756	临床	340
0757	林	341
0758	邻舍	341
0759	伶俐	341
0760	灵感	342
0761	灵魂	342
0762	灵敏	342
0763	凌晨	342
0764	灵性	343
0765	领会	343
0766	领事馆	343
0767	领土	343
0768	领悟	344
0769	领先	344
0770	领袖	344
0771	溜	344
0772	留恋	345
0773	留念	345
0774	留神	345
0775	流浪	345
0776	流露	346
0777	流氓	346
0778	流通	346
0779	聋哑	347
0780	隆重	347
0781	垄断	347
0782	笼罩	347
0783	篓	348
0784	炉灶	348
0785	屡次	348
0786	履行	348
0787	掠夺	349
0788	略微	349
0789	轮船	349
0790	轮廓	349
0791	轮胎	350
0792	论坛	350
0793	论证	350
0794	啰嗦	351
0795	螺丝钉	351
0796	络绎不绝	351
0797	落成	351
0798	落实	352
0799	麻痹	353
0800	麻木	353
0801	麻醉	353
0802	码头	354
0803	蚂蚁	354
0804	嘛	354
0805	埋伏	355
0806	埋葬	355
0807	迈	355
0808	脉搏	356
0809	埋怨	356
0810	慢性	356
0811	漫长	356
0812	漫画	357
0813	忙碌	357
0814	盲目	357
0815	茫茫	357
0816	茫然	358
0817	茂盛	358
0818	冒充	358
0819	冒犯	358
0820	冒险	359
0821	魅力	359
0822	媒介	359
0823	媒体	360
0824	美观	360
0825	美满	360
0826	美妙	360
0827	门诊	360
0828	萌芽	361
0829	蒙	361
0830	猛烈	361
0831	梦想	361
0832	咪	362
0833	弥补	362
0834	弥漫	362
0835	迷糊	362
0836	迷人	363
0837	迷失	363
0838	迷信	363
0839	谜语	364
0840	密度	364
0841	密封	364
0842	棉花	364
0843	免得	365
0844	勉励	365
0845	勉强	365
0846	面貌	365
0847	面子	366
0848	描绘	367
0849	瞄准	367
0850	渺小	367
0851	蔑视	367
0852	灭亡	368
0853	民间	368
0854	民用	368
0855	民主	369
0856	敏感	369
0857	敏捷	369
0858	名次	370
0859	名额	370
0860	名副其实	370
0861	名誉	371
0862	明明	371
0863	明智	371
0864	命名	371
0865	搜索	372
0866	模范	372
0867	模式	372
0868	模型	373
0869	膜	373
0870	磨擦	373
0871	磨合	374
0872	魔鬼	374
0873	魔术	374
0874	磨砂	374
0875	莫名其妙	375
0876	墨水儿	375
0877	默默	375
0878	谋求	375
0879	模样	376
0880	母语	376
0881	目睹	376
0882	目光	376
0883	沐浴	377
0884	拿手	378
0885	纳闷儿	378
0886	耐用	378
0887	南辕北辙	378
0888	难得	379
0889	难堪	379
0890	难免	379
0891	难能可贵	379
0892	恼火	380
0893	内涵	380
0894	内幕	380
0895	内在	380
0896	能量	381
0897	嗯	381
0898	拟定	381
0899	逆行	382
0900	年度	382
0901	捏	382
0902	凝固	383
0903	凝聚	383
0904	凝视	383
0905	拧	383
0906	宁肯	384
0907	宁愿	384
0908	扭转	384
0909	纽扣儿	384
0910	农历	385
0911	浓厚	385
0912	奴隶	385
0913	挪	386
0914	虐待	386
0915	哦	387
0916	欧洲	387
0917	殴打	387
0918	呕吐	387
0919	偶像	388
0920	趴	389
0921	排斥	389
0922	排除	389
0923	排放	390
0924	排练	390
0925	徘徊	390
0926	派别	391
0927	派遣	391
0928	攀登	391
0929	盘旋	391
0930	判决	392
0931	畔	392
